Industry,Segment 1,Segment 2,Segment 3,Segment 4,Segment 5,Segment 6,Segment 7
Chemicals Materials and Nutrition,,,,,,,
,C.A.S.E & Construction,,,,,,
,,Coatings,,,,,
,,,Automotive,,,,
,,,,OEM,,,
,,,,Refinish,,,
,,,Other transportation coatings,,,,
,,,,Aerospace coatings,,,
,,,,Commercial vehicle coatings,,,
,,,,Marine coatings,,,
,,,,,Anticorrosion,,
,,,,,Antifouling,,
,,,,Coatings for rail and other vehicles NEC,,,
,,,Industrial,,,,
,,,,"Agricultural, Construction Equipment, Mining (ACME)",,,
,,,,Coil,,,
,,,,Can,,,
,,,,General Industrial,,,
,,,Construction,,,,
,,,,Decorative,,,
,,,,"Protective (Anticorrosion, Fire, etc.)",,,
,,,,Road marking paints,,,
,,,Wood,,,,
,,,,Interior/exterior trim and cladding paints,,,
,,,,Interior/exterior trim varnishes and stains,,,
,,,,Minimal build stains (thickness <5 microns),,,
,,,,Primers,,,
,,,,One and two-pack performance coatings,,,
,,,Energy,,,,
,,,,O&G (structural & pipelines),,,
,,,,Wind,,,
,,,,Solar,,,
,,,,Others,,,
,,,Coating Raw Materials,,,,
,,,,Resin,,,
,,,,Pigments,,,
,,,,Additives,,,
,,,,Solvents,,,
,,Adhesives & Sealants,,,,,
,,,Construction Adhesives & Sealants,,,,
,,,,Construction Adhesives,,,
,,,,Construction Sealants,,,
,,,,Chemical Anchors,,,
,,,Packaging Adhesives & Sealants,,,,
,,,,Flexible packaging adhesives,,,
,,,,Other packaging adhesives & sealants,,,
,,,Transportation Adhesives & Sealants,,,,
,,,,Automotive Adhesives & Sealants,,,
,,,,,Automotive OEM Adhesives & Sealants,,
,,,,,Automotive Aftermarket & Repair Adhesives & Sealants,,
,,,,Aerospace Adhesives & Sealants,,,
,,,,Adhesives & Sealants for other forms of transport,,,
,,,Industrial Assembly Adhesives & Sealants,,,,
,,,,Woodworking adhesives,,,
,,,,"Adhesives for footwear, leather goods etc.",,,
,,,,"Adhesives for nonwovens, disposables etc.",,,
,,,,Glass bonding adhesives,,,
,,,,Paper & bookbinding adhesives,,,
,,,,Textile Adhesives,,,
,,,,General product assembly adhesives,,,
,,,Electrical & Electronics Adhesives & Sealants,,,,
,,,,Surface mount component (SMC)/Die attach,,,
,,,,Conformal Coatings in PCBs,,,
,,,,"Panel, glass and assembly bonding",,,
,,,,Potting and encapsulation,,,
,,,,Gasketing,,,
,,,,Thread sealing,,,
,,,,"Noise, vibration and harness (NVH), glass and seam sealing",,,
,,,,Flexible sealing in electronics,,,
,,,,"Electromagnetic Interference (EMI) sealing, electrical insulation and gap filling",,,
,,,,Glob-top encapsulation and sealing,,,
,,,,"Others (wire tacking adhesion, integrated circuit (IC) bonding, and bonding of heat sinks and exterior plastic housing)",,,
,,,Craft and DIY Adhesives,,,,
,,,Adhesives & Sealants Raw Materials,,,,
,,,,Resins,,,
,,,,Tackifiers,,,
,,,,Solvents,,,
,,,,Additives,,,
,,Elastomers,,,,,
,,,SBR,,,,
,,,BR,,,,
,,,EPDM,,,,
,,,NBR,,,,
,,,CR,,,,
,,,IIR,,,,
,,,Silicones,,,,
,,Inks,,,,,
,,,All inks and overprint varnishes,,,,
,,Construction Materials,,,,,
,,,Construction Chemicals,,,,
,,,Thermal Insulation,,,,
,,,Engineered wood,,,,
,,,Engineered stone,,,,
,,,Specialist Flooring Materials,,,,
,,,Specialist Roofing Materials,,,,
,,,Specialist Facade Materials,,,,
,,,Specialist Glazing Materials,,,,
,,,"Other plastic building components (pipes, wire & cable, breathable membranes etc.)",,,,
,,,Construction Coatings and Adhesives (covered under the C.A.S.E. part of the program),,,,
,,,Other specialist construction materials NEC,,,,
,"Food, Nutrition & Wellness",,,,,,
,,Agricultural Commodities,,,,,
,,,Grains,,,,
,,,,Maize,,,
,,,,Rice,,,
,,,,Wheat,,,
,,,,"Other (Barley, Oats, Rye)",,,
,,,Pulses,,,,
,,,,Soybean,,,
,,,,Pea,,,
,,,,Favabean,,,
,,,,Other pulses,,,
,,,Oilseeds and Crops,,,,
,,,,Palm Oil,,,
,,,,Palm Kernal Oil,,,
,,,,Rapeseed,,,
,,,,Groundnuts/Peanut,,,
,,,,Other oilseed crops,,,
,,,Sugar Crops,,,,
,,,,Cane,,,
,,,,Beets,,,
,,,"Fruit, Vegetables and Nuts",,,,
,,,,Root Vegetables,,,
,,,,Green Vegetables,,,
,,,,Melons and Squashes,,,
,,,,Berries and Vines,,,
,,,,Fruit from Orchards,,,
,,,,Tree Nuts,,,
,,,Livestock,,,,
,,,,Meat & Dairy,,,
,,,,Poultry & Egg,,,
,,,,Aquaculture & Seafood,,,
,,,,"Microculture (e.g. Yeast, Cultures, etc)",,,
,,Agrochemicals,,,,,
,,,Seeds & traits,,,,
,,,Crop Nutrition,,,,
,,,,Nitrogen Fertilizers,,,
,,,,Phosphorus Fertilizer,,,
,,,,Potassium Fertilizers,,,
,,,,Sulfur Fertilizers,,,
,,,,Micronutrients,,,
,,,,Plant growth regulators (PGRs),,,
,,,,Biofertilizers,,,
,,,,Biostimulants,,,
,,,Crop Protection,,,,
,,,,Herbicides,,,
,,,,Insecticides,,,
,,,,Fungicides,,,
,,,,Bioherbicides,,,
,,,,Crop protection adjuvants and inactive ingredients,,,
,,Ingredients for human nutrition,,,,,
,,,Vitamins & Minerals,,,,
,,,,Vitamins,,,
,,,,Minerals,,,
,,,Protein & Amino Acids,,,,
,,,,Amino Acids,,,
,,,,Protein Ingredients,,,
,,,,Collagen Peptide,,,
,,,,L-Carnitine,,,
,,,Functional Lipids,,,,
,,,,Specialty oils,,,
,,,,Omega-3,,,
,,,"Prebiotics, Fiber and Functional Sugars",,,,
,,,,Insoluble Fibres,,,
,,,,Soluble Fibres,,,
,,,,Prebiotics,,,
,,,,Other specialty starch and texturants,,,
,,,Microbiome,,,,
,,,,Yeast,,,
,,,,Probiotics,,,
,,,,Cultures,,,
,,,,Postbiotics,,,
,,,Antioxidants,,,,
,,,,Preservatives,,,
,,,,Carotenoids,,,
,,,Other Functional Ingredients,,,,
,,,,Flavors and Flavor Enhancers,,,
,,,,Sweeteners,,,
,,,,Acidulants,,,
,,,,Emulsifiers,,,
,,,,Colours,,,
,,,,Herb extracts & Botanicals,,,
,,,,Enzymes,,,
,,,,Other Ingredients NEC,,,
,,Animal and pet food ingredients,,,,,
,,,Total animal and pet food ingredients,,,,
,,,,Vitamins,,,
,,,,Minerals,,,
,,,,Amino Acids,,,
,,,,Collagen Peptide,,,
,,,,L-Carnitine,,,
,,,,Omega-3,,,
,,,,Prebiotics,,,
,,,,Glucosamine & Chondroitin,,,
,,,,Probiotics,,,
,,,,Organic Acids,,,
,,,,Enzymes,,,
,,,,Other Ingredients NEC,,,
,,Personal Care Ingredients,,,,,
,,,Functional ingredients,,,,
,,,,Surfactants and Emulsifiers,,,
,,,,Rheology Modifiers,,,
,,,,Emollients and Humectants,,,
,,,Active ingredients,,,,
,,,,Moisturizing ingredients,,,
,,,,Anti-aging ingredients,,,
,,,,UV filters,,,
,,,,Exfoliating ingredients,,,
,,,,Antimicrobials,,,
,,,,Other personal care active ingredients,,,
,,,Fragrance ingredients,,,,
,,,Cosmetic Colorants,,,,
,,,Personal Care and Cosmetic Preservatives,,,,
,,Pharmaceutical Ingredients,,,,,
,,,Excipients,,,,
,,,Pharmaceutical Intermediates,,,,
,,,Microencapsulation,,,,
,,,Other pharmaceutical ingredients,,,,
,,Nutricosmetic ingredients,,,,,
,,Nutraceutical ingredients,,,,,
,,Cosmeceutical ingredients,,,,,
,,Industrial & Institutional Cleaning,,,,,
,Personal Protective Equipment (PPE),,,,,,
,,"Head, Eye & Face Protection",,,,,
,,,Head Protection,,,,
,,,,Helmets,,,
,,,,Bump Caps,,,
,,,,Welding Helmets,,,
,,,Eye Protection,,,,
,,,,Safety Glasses,,,
,,,,Safety Goggles,,,
,,,Hearing Protection,,,,
,,,,Ear Plugs,,,
,,,,Ear Muffs,,,
,,Protective Clothing,,,,,
,,,High Visibility Clothing,,,,
,,,FR Clothing,,,,
,,,Flame Resistant Clothing,,,,
,,,Chemical Protective Clothing,,,,
,,,Cold & Wet,,,,
,,,Anti-static Clothing,,,,
,,,Chainsaw Clothing,,,,
,,Industrial Gloves,,,,,
,,,Mechanical Protection,,,,
,,,,General Purpose Gloves,,,
,,,,Cut Resistant Gloves,,,
,,,,Puncture Resistant Gloves,,,
,,,,Anti-Impact Gloves,,,
,,,Chemical Protection Gloves,,,,
,,,,Disposable Gloves,,,
,,,,Reusable Gloves,,,
,,,Thermal Protective Gloves,,,,
,,,,Heat-Resistant,,,
,,,,Cold-Resistant,,,
,,,Special Protection Gloves,,,,
,,,,Anti-vibration and Anti-impact Gloves,,,
,,,,Anti-syringe Gloves,,,
,,,,Electric Insulation Gloves,,,
,,,,Critical Environment Gloves,,,
,,,,,Disposable,,
,,,,,Reusable,,
,,Medical Gloves,,,,,
,,,Surgical Gloves,,,,
,,,,Latex,,,
,,,,Synthetic,,,
,,,Examination Gloves,,,,
,,,,Latex,,,
,,,,Synthetic,,,
,,Respiratory Protection,,,,,
,,,Disposable Respirators,,,,
,,,Non disposable Respirators,,,,
,,,Powered Air Purifying Respirators (PAPRs),,,,
,,,Self Contained Breathing Apparatus (SCBAs),,,,
,,,Escape Respirators,,,,
,,,Airline Respirators,,,,
,,Foot Protection,,,,,
,,,Safety Shoes,,,,
,,,Safety Boots,,,,
,,,Wellingtons,,,,
,,Fall Protection,,,,,
,,,Soft Goods,,,,
,,,Hard Goods,,,,
,,,Installed Systems,,,,
,,,Access Systems,,,,
,,,Rescue Equipment,,,,
,,,Services,,,,
,,Workwear,,,,,
,,,General Workwear,,,,
,,,,Blue Workwear,,,
,,,,White Workwear,,,
,,,Corporate Workwear,,,,
,,,,Casual Wear,,,
,,,,Career Wear,,,
,,,Uniforms,,,,
,,Gas Detectors,,,,,
,,,Portable Gas Detectors,,,,
,,,Fixed Gas Detectors,,,,
,,,Detector Tubes,,,,
,Polymers & Composites,,,,,,
,,Thermoplastic polymers,,,,,
,,,Commodity plastics,,,,
,,,,PE,,,
,,,,PP,,,
,,,,PS,,,
,,,,PET,,,
,,,,PVC,,,
,,,Engineering plastics,,,,
,,,,PA,,,
,,,,PC,,,
,,,,ABS,,,
,,,,POM,,,
,,,,Engineering polyesters,,,
,,,,Other engineering plastics,,,
,,,High performance plastics,,,,
,,,,High performance PA,(More product detail e.g. long-chain versus polyphthalamide),,
,,,,PPS and sulfone polymers,,,
,,,,Polyimides and polyether imides,,,
,,,,Polyketones,,,
,,,,Fluoropolymers,,,
,,,,PPO and PPE,,,
,,,Bioplastics,,,,
,,,,Bio-based versions of traditional plastics,,,
,,,,Plastics primarily made via bio-based routes,,,
,,,Thermoplastic elastomers,,,,
,,,,SBC's,,,
,,,,TPO,,,
,,,,TPV,,,
,,,,TPU,,,
,,,,Polyamide elastomers,,,
,,,,Copolyester elastomers,,,
,,,Other polymers NEC,,,,
,,Thermoset composite resins,,,,,
,,,Polyurethane (inc. PU for foam),,,,
,,,Epoxy,,,,
,,,Unsaturated polyester and vinyl esters,,,,
,,,Melamine and phenolic resins,,,,
,,,Aminoplastics,,,,
,,,Acrylic resins,,,,
,,,Other thermoset resins,,,,
,,Additives,,,,,
,,,Plasticizers,,,,
,,,Stabilizers,(Further segmentation e.g. Antioxidants),,,
,,,Flame retardants,,,,
,,,Impact modifiers,,,,
,,,Processing aids,,,,
,,,"Polymerisation initiators, nucleating agents etc.",,,,
,,,Other additives NEC,,,,
,,Pigments,,,,,
,,,Organic pigments,,,,
,,,Inorganic pigments,,,,
,,,Special effect pigments,,,,
,,Reinforcing materials,,,,,
,,,Mineral fillers for plastics,,,,
,,,Glass fibre,,,,
,,,Carbon fibre,,,,
,,,Natural fibres,,,,
,,,"Other reinforcing fibres (aramid, basalt, honeycomb papers etc.)",,,,
,,Polymer formulations,,,,,
,,,Masterbatches,(Further splits e.g. into colour and additive masterbatches),,,
,,,Compounds,,,,
,,,Thermoset formulations,(Prepreg etc.),,,
,,Polymer end-products covered by CMN,,,,,
,,,Packaging,,,,
,,,,Food & beverage packaging,,,
,,,,Personal care & home care packaging,,,
,,,,Pharma packaging,,,
,,,,Consumer goods packaging,,,
,,,,Industrial packaging,,,
,,,Textile fibres,,,,
,,,,All textile fibres,,,
,,,3D Printing materials,,,,
,,,"Others (membranes, tubing, non-packaging applications of film, etc.)",,,,
,Petrochemicals & Oleochemicals,,,,,,
,,Petrochemicals,,,,,
,,Oleochemicals,,,,,
,,Bio-based Feedstocks,,,,,
,,Commodity inorganic chemicals,,,,,
,,Industrial gases,,,,,
,,CO2 as a feedstock,,,,,
,,Hydrogen as a feedstock,,,,,
,,Lubricants,,,,,
,,,Formulated lubricants,,,,
,,,Lubricant base oils,,,,
,,,Lubricant additives,,,,
,,Water Treatment Chemicals,,,,,
,,Process Chemicals,,,,,
,,Catalysts,,,,,
,,Fuel Additives,,,,,
,,Pulp & paper chemicals,,,,,
,,Mining and oilfield chemicals,,,,,
,,Electronic chemicals,,,,,
,,Textile chemicals,,,,,
,Metals & Minerals,,,,,,
,,Ferrous Metals,,,,,
,,Aluminium,,,,,
,,Copper,,,,,
,,"Other non-ferrous metals (inc. Li, Zn, Ni, Co, rare earth metals, precious metals)",,,,,
,,Industrial Minerals,,,,,
,,Ceramics,,,,,
Security,,,,,,,
,Commercial & Public Security,,,,,,
,,Access Control,,,,,
,,,ABC Kiosks,,,,
,,,Access control software,,,,
,,,"Accessories including cards, key pads, door locks, bolt",,,,
,,,AMC - Support and Services,,,,
,,,Area Protection,,,,
,,,Biometrics Controller & Readers,,,,
,,,Facial Recognition S/W & H/W,,,,
,,,Gate Management,,,,
,,,I&C and Support Services,,,,
,,,Identity Management,,,,
,,,Intrusion Detection & Alarms,,,,
,,,Palm Vein Reader,,,,
,,,Parking Management,,,,
,,,Perimeter fencing,,,,
,,,Perimeter Intrusion Detection System (PIDS),,,,
,,,Physical barriers,,,,
,,,RFID Controller & Readers,,,,
,,,Turnstile,,,,
,,,Visitor Management Software,,,,
,,Command & Control,,,,,
,,,Accessories - Command & Control,,,,
,,,Command & Control Software,,,,
,,,GIS - Geographical information systems,,,,
,,,Integrated Command & Control Centre (ICCC),,,,
,,,"IT, Storage, Server",,,,
,,,Network Operations Centre,,,,
,,,PSIM - Physical Security Information Management,,,,
,,,Public service answering points,,,,
,,,Video Wall & Other Display,,,,
,,Communication Equipment,,,,,
,,,2G/3G/4G Connectivity,,,,
,,,5G,,,,
,,,DMR,,,,
,,,Emergency Communication Network,,,,
,,,Fibreoptic,,,,
,,,Intercom Solutions,,,,
,,,LTE,,,,
,,,Network solutions,,,,
,,,PMR,,,,
,,,SATCOM,,,,
,,,SDR,,,,
,,,TETRA,,,,
,,,TSCM (technical surveillance counter-measures),,,,
,,,Wireless Connectivity,,,,
,,Cyber Security,,,,,
,,,"Analytics, Compliance & Big Data",,,,
,,,Cyber Professional Services,,,,
,,,Cyber Security Insurance,,,,
,,,Device Management - Endpoint Protection,,,,
,,,End User Device Security,,,,
,,,Forensics,,,,
,,,"Identification, Authentication and Access Control",,,,
,,,Identity & Authentication,,,,
,,,Incident Response and Management,,,,
,,,Industrial Cyber Security,,,,
,,,Information Risk Assessment and Management,,,,
,,,"Monitoring, Detection and Analysis",,,,
,,,"Network Access, Security & Operations",,,,
,,,Security management,,,,
,,,Social Media Analysis,,,,
,,,"Training, Awareness and Education",,,,
,,,Transaction Protection,,,,
,,Data Analytics,,,,,
,,,Big data solutions,,,,
,,,Cloud Services,,,,
,,,Data analytics,,,,
,,,Data intelligence,,,,
,,,Data Intelligence & Forensics,,,,
,,,Digital Forensic Training,,,,
,,,Storage,,,,
,,Emergency Management,,,,,
,,,Computer Aided Dispatch (CAD),,,,
,,,Computer-aided dispatch,,,,
,,,Disaster management products,,,,
,,,Public Safety Answering Points (PSAPs),,,,
,,,Services in support of humanitarian aid,,,,
,,Fire Equipment,,,,,
,,,Active fire protection (Detection and Alarm systems),,,,
,,,AMC - Support and Services,,,,
,,,"Fire and rescue (appliances, hoses, uniforms and breathing apparatus)",,,,
,,,Manpower/ Crew for fire suspension,,,,
,,,"Passive fire protection (structural fire protection, fire stopping and fire doors)",,,,
,,Industry-specific,,,,,
,,,Aviation,"Aircraft, Engine, & Other OEM",,,
,,,,Airlines,,,
,,,,Airport,,,
,,,,Airport Authority,,,
,,,,Airport Operator,,,
,,,,Other - Aviation,,,
,,,BFSI,,,,
,,,,Asset Management Companies,,,
,,,,Banks,,,
,,,,Finance Corporations,,,
,,,,Insurance,,,
,,,,Investment Banking,,,
,,,,Other Financial Services,,,
,,,Central Government,Agriculture & Fishery,,,
,,,,Animal Husbandary,,,
,,,,Enviornment,,,
,,,,Forest & National Park,,,
,,,,Government Estates,,,
,,,,Judiciary,,,
,,,,Other - Central Govt.,,,
,,,,Public Sector Undertaking/ R&D Org.,,,
,,,,"Tourism, Museums, Arts & Culture",,,
,,,CNI,,,,
,,,,Chemical Plant,,,
,,,,Chemical Plant,,,
,,,,Fertilizers,,,
,,,,Mining,,,
,,,,Nuclear,,,
,,,,O&G,,,
,,,,Other - CNI,,,
,,,,Utilites-Waste,,,
,,,,Utilities-Power,,,
,,,,Utilities-Water,,,
,,,Defense,,,,
,,,,Air Force,,,
,,,,Army,,,
,,,,Navy,,,
,,,,Other - Defense,,,
,,,Disaster Management,,,,
,,,,Fire & Rescue,,,
,,,,Other - Disaster Management,,,
,,,Education,,,,
,,,,Library,,,
,,,,Others - Education,,,
,,,,Regulatory Board,,,
,,,,School,,,
,,,,Training Centers,,,
,,,,University & Institutes,,,
,,,Healthcare,,,,
,,,,Ambulance Services,,,
,,,,Biotech/ Drug Manufacturers,,,
,,,,Blood Bank,,,
,,,,Diagnostics & Research Labs,,,
,,,,Medical Device Manufacturers,,,
,,,,Medical School/ Hospitals/ Care Facilities/ NHS,,,
,,,,Other - Healthcare,,,
,,,,Pharmacy,,,
,,,,Regulatory Board - Health,,,
,,,Information Technologies,,,,
,,,,IT Services & Consulting,,,
,,,,Other - IT,,,
,,,Infrastructure,,,,
,,,,Commercial & Residential Infrastructure,,,
,,,,Manufacturing Plants,,,
,,,,Other - Infrastructure,,,
,,,,Roads & Highways,,,
,,,,Textile,,,
,,,Law Enforcement,,,,
,,,,Customs & Border Protection,,,
,,,,Intelligence & Investigation Agencies,,,
,,,,Judiciary,,,
,,,,Narcotics & Drug Enforcement,,,
,,,,Other - LEA,,,
,,,,Police,,,
,,,,Prisons,,,
,,,Major Events,,,,
,,,,Business Events,,,
,,,,Sports & Entertainment Events,,,
,,,Retail,,,,
,,,,"Alcohol, Food & Beverages",,,
,,,,Clothing,,,
,,,,Groceries,,,
,,,,Other - Retail,,,
,,,Telecom,,,,
,,,,Operator,,,
,,,,Other - Telecom,,,
,,,,Sattelive TV/ Broadcasting,,,
,,,,Service Provider,,,
,,,Transport,,,,
,,,,Buses,,,
,,,,Metro,,,
,,,,Other - Transport,,,
,,,,Railways,,,
,,,,Shipping & Postal Services,,,
,,Managed Services,,,,,
,,,Digitalisation services,,,,
,,,Managed services and integration,,,,
,,,Manned guarding,,,,
,,,Security as a service,,,,
,,,Total security solutions,,,,
,,PPE,,,,,
,,,Batons / asps,,,,
,,,Bomb Blast Curtains,,,,
,,,Bullet proof shields,,,,
,,,Bullet proof vests,,,,
,,,CBRN suits,,,,
,,,GPS Tracker,,,,
,,,Lone and remote working system/ GPS tracker,,,,
,,,Riot Shields / Equipment,,,,
,,,Taser,,,,
,,Risk Averse Services,,,,,
,,,Anti-theft systems,,,,
,,,Maritime protection,,,,
,,,Risk advisory and analysis,,,,
,,,VIP protection,,,,
,,Screening & Detection,,,,,
,,,Baggage Screening,,,,
,,,Cargo Screening,,,,
,,,CBRNe Screeners,,,,
,,,Counter-IED infrastructure,,,,
,,,DFMD,,,,
,,,HHMD,,,,
,,,People Screening,,,,
,,,Vehicle Scanners,,,,
,,Surveillance,,,,,
,,,AMC - Support and Services,,,,
,,,Analog Cameras,,,,
,,,Associated Accessories,,,,
,,,Associated Networks,,,,
,,,Bodyworn Cameras,,,,
,,,Facial Recognition,,,,
,,,Ground Penetrating Radar,,,,
,,,"Integrated Solution - PSIM, Access Control, IDS etc.",,,,
,,,IP Cameras,,,,
,,,ITMS,,,,
,,,Nightvision Devices,,,,
,,,RADAR,,,,
,,,Thermal Cameras,,,,
,,,UAV Detection,,,,
,,,Video Analytics,,,,
,,,Video Storage & IT,,,,
,,,VMS,,,,
,,Vehicles & Platforms,,,,,
,,,Accessories including sirens & Blue Light,,,,
,,,Aerial Surveillance Services,,,,
,,,Airbone ISR,,,,
,,,All Terrain Vehicle,,,,
,,,AMC - Support and Services,,,,
,,,Armoured vehicles,,,,
,,,Autonomous Surface Vehicle/ Boat,,,,
,,,Autonomous Underwater Vehicle (AUV),,,,
,,,Collision Avoidance System,,,,
,,,Fixed Wing UAV,,,,
,,,Fleet management,,,,
,,,Mobile Patroling Vehicle,,,,
,,,Other Accessories,,,,
,,,Quadcopter,,,,
,,,Rescue Vehicle,,,,
,,,Rotary Aircraft,,,,
,,,Surveillance Vehicles,,,,
,,,UAS,,,,
,,,Vehicles for Specialized Operations,,,,
,Cybersecurity,,,,,,
,,Application Security,,,,,
,,,Application Security Testing,,,,
,,,Web Application Firewall (WAF),,,,
,,Blockchain,,,,,
,,Cloud Security,,,,,
,,,Cloud Access Security Broker (CASB),,,,
,,,Cloud-native Application Protection Platform (CNAPP),,,,
,,,Secure Access Service Edge (SASE),,,,
,,,Cloud Workload Security,,,,
,,Data Security,,,,,
,,,Data Loss Prevention (DLP),,,,
,,,Data Privacy,,,,
,,,Data-centric Security,,,,
,,,Encryption,,,,
,,Digital Risk Protection,,,,,
,,Endpoint Security,,,,,
,,,Endpoint Detection & Response (EDR),,,,
,,,"Endpoint Prevention (inc. AV, Anti-malware)",,,,
,,Fraud & Transaction Security,,,,,
,,Identity & Access Management,,,,,
,,,Authentication,,,,
,,,Consumer Identity,,,,
,,,ID-as-a-Service (IDaaS),,,,
,,,Identity Governance,,,,
,,,Privileged Access Management (PAM),,,,
,,IoT,,,,,
,,,Automotive,,,,
,,,Connected Home,,,,
,,,IoT Devices,,,,
,,Managed Security Services,,,mece,,
,,,Managed Security Services (MSS),,mutually ex,,
,,,Managed Detection & Response,,,,
,,Messaging Security,,,,,
,,,Email Security,,,,
,,,Encrypted Communications,,,,
,,Mobile Security,,,,,
,,,Mobile Threat Defense (MTD),,,,
,,Network & Infrastructure Security,,,,,
,,,Advanced Threat Protection (ATP),,,,
,,,Deception,,,,
,,,Distributed Denial-of-service (DDoS) Protection,,,,
,,,Domain Name System (DNS) Security,,,,
,,,Industrial Control Systems (ICS) & Operational Technology (OT),,,,
,,,Network Access Control (NAC),,,,
,,,Network Analysis & Forensics,,,,
,,,Network Firewall,,,,
,,,Secure SD-WAN,,,,
,,,Software-defined Networking (SDN),,,,
,,,Transport Layer Security (TLS),,,,
,,,Unified Threat Management (UTM),,,,
,,,Zero Trust Network Access (ZTNA),,,,
,,Risk & Compliance,,,,,
,,,Breach & Attack Simulation (BAS),,,,
,,,"Governance, Risk Management, and Compliance (GRC)",,,,
,,,Pen Testing,,,,
,,,Risk Assessment & Visibility,,,,
,,,Risk Quantification,,,,
,,,Security Awareness & Training,,,,
,,,Vulnerability Management (VM),,,,
,,Security Consulting Services,,,,,
,,,Professional Security Services (PSS),,,,
,,,Extended Detection & Response (XDR),,,,
,,,Security Analytics,,,,
,,,Security Incident Response,,,,
,,,Security Information and Event Management (SIEM),,,,
,,,"Security Orchestration, Automation and Response (SOAR)",,,,
,,Threat Intelligence,,,,,
,,,Cyber Threat Intelligence (CTI),,,,
,,,Threat Intelligence Platforms (TIP),,,,
,,Web Security,,,,,
,,,Bot Management,,,,
,,,Holistic Web Security,,,,
,,,Internet Isolation,,,,
,,,Secure Web Gateway (SWG),,,,
Industrial,,,,,,,
,Electronics & Measurement,,,,,,
,,Electronic T&M,,,,,
,,,General Purpose Test,,,,
,,,,RF,,,
,,,,,Signal Generator,,
,,,,,Spectrum and Signal Analyzer,,
,,,,,Network Analyzer,Vector NA,
,,,,,One box testers,,
,,,,,Electronic/ Frequency counters,,
,,,,,Power meter,,
,,,,EMC,,,
,,,,,Amplifiers,,
,,,,,Field monitors,,
,,,,,EMI receivers,,
,,,,,GTEM cells,,
,,,,,Immunity (ESD/EFT),,
,,,,Digital,,,
,,,,,Oscilloscope,,
,,,,,Multimeters,,
,,,,,BERT,,
,,,,,Power analyzer,,
,,,,,Protocol analyzer,,
,,,,,Logic analyzer,,
,,,,DAQ,,,
,,,,,Ethernet,,
,,,,,USB,,
,,,,,PXI/PXIe,,
,,,,,VXI,,
,,,,,PCI/PCIe,,
,,,,,Standalone/ Proprietary,,
,,,,,LXI,,
,,,,Electrical,,,
,,,,,Harmonic/ Leakage testers,,
,,,,,Clamp-on Meters,,
,,,,,Ground resistance testers,,
,,,,,MegOhm meters,,
,,,,,MilliOhm meters,,
,,,,,Insulation testers,,
,,,,,micro-ohm meters,,
,,,,Environmental,,,
,,,,,Light meters,,
,,,,,Sounds meters,,
,,,,,Humidity meters,,
,,,,,Moisture meters,,
,,,,ATE,,,
,,,,,Semicon,,
,,,,,Avionics,,
,,,Communication Test,,,,
,,,,Wireline,,,
,,,,,NPM/APM,,
,,,,,Ethernet,,
,,,,,Protocol analyzer,,
,,,,,Active monitoring,,
,,,,,Passive monitoring,,
,,,,,SON,,
,,,,Wireless,,,
,,,,,WiFi,,
,,,,,Wi-MAX,,
,,,,,Cellular,,
,,,,,,"LTE, VOLTE, 5G, 6G",
,,,,,Bluetooth,,
,,,,FOTE,,,
,,,,,OTDR,,
,,,,,OLS,,
,,,,,OPM,,
,,,,,OLTS,,
,,,,,FIP,,
,,,,,RFTS,,
,,,,,OSA,,
,,,,,CD,,
,,,,,CWDM,,
,,,,,DWDM,,
,,Analytical Instrumentation,,,,,
,,,Chromatography,,,,
,,,,Liquid chromatograph (LC),,,
,,,,,HPLC,,
,,,,,UPLC,,
,,,,Gas chromatograph (GC),,,
,,,,Ion chromatograph (IC),,,
,,,,Supercritical Fluid Chromatography (SFC),,,
,,,Spectroscopy,,,,
,,,,Molecular Spectroscopy,,,
,,,,,Infrared/Near Infrared Spectrometer  (IR/NIR),,
,,,,,Ultraviolet-Visible Spectrometer (UV-Vis),,
,,,,,Nuclear Magnetic Resonance (NMR) Spectrometer,,
,,,,,Raman Spectrometer,,
,,,,,Fluorescence Spectrometer,,
,,,,Elemental Spectroscopy,,,
,,,,,Optical Emission Spectrometer (OES),,
,,,,,Atomic Absorption Spectrometer (AAS),,
,,,,,Inductively Coupled Plasma-Optical Emission Spectrometer (ICP-OES),,
,,,Gas Analysis,,,,
,,,,Flame Ionization Detector (FID) Analyzer,,,
,,,,Zirconia Analyzer,,,
,,,,Non Dispersive Infrared (NDIR) Analyzer,,,
,,,,Paramagnetic Analyzer,,,
,,,,Electrochemical Analyzer,,,
,,,,Chemiluminescence  Analyzer,,,
,,,,Thermal Conductivity Analyzer,,,
,,,,Tunable Diode Laser Spectroscopy (TDLS) Analyzer,,,
,,,Liquid Analysis,,,,
,,,,Total Organic Carbon Analyzers,,,
,,,,Colorimeter,,,
,,,,Refractometer,,,
,,,,Turbidity Analyzer,,,
,,,,Chemical Oxygen Demand (COD) Analyzer,,,
,,,,Silica Analyzer,,,
,,,,Flourine Ion Analyzer,,,
,,,,Low Concentrate Sodium Analyzer,,,
,,,,Hydrazine Analyzer,,,
,,,,Conductivity Analyzer,,,
,,,,Dissolved Oxygen Analyzer,,,
,,,,Titro Analyzer,,,
,,,,PH Analyzer,,,
,,,,Chlorine Analyzer,,,
,,,,Oxidation Reduction Potential Analyzer,,,
,,,Material Testing,,,,
,,,,Thermal Analysis,,,
,,,,Particle Characterization,,,
,,,,Rheometer,,,
,,,,Viscometer,,,
,,,,Calorimeter,,,
,,,,Petroleum Analyzer,,,
,,,Surface Science Technique,,,,
,,,,Electron Microscopy,,,
,,,,Confocal Microscopy,,,
,,,,Optical Microscopy,,,
,,,,Scanning Probe Microscopy,,,
,,,,Surface Analyzers,,,
,,,Components,,,,
,,,,Balances,,,
,,,,Centrifuges,,,
,,,,Extraction,,,
,,,,Transfection,,,
,,,,Ovens,,,
,,,,Incubators,,,
,,,,Micro-centrifuges,,,
,,,,Pipettes,,,
,,,,Refrigerators,,,
,,,,Gas Generators,,,
,,,,Freezers,,,
,,,,Storage Chambers,,,
,,,,Shakers and Stirrers,,,
,,,,Water Purification,,,
,,,Mass Spectrometry,,,,
,,,,Liquid Chromatograph-Mass Spectrometer (LC-MS),,,
,,,,Gas Chromatograph-Mass Spectrometer (GC-MS),,,
,,,,MALDI-Time of Flight,,,
,,,,Fourier Transform-MS and Ion Trap MS,,,
,,,,Inductively coupled plasma-mass spectroscopy (ICP-MS),,,
,,,,Portable MS,,,
,,,Life Science Systems,,,,
,,,,PCR/Nucleic Acid Amplification,,,
,,,,DNA & Peptide/Organic Synthesizer,,,
,,,,DNA/Protein Sequencer,,,
,,,,Microarray Techniques,,,
,,,,Flow Cytometer,,,
,,,,Cell Counters,,,
,,,,Liquid Handling & Robotics,,,
,,,,Electrophoresis,,,
,,,,Microplate Readers,,,
,,,Informatics,,,,
,,,,Laboratory Information Management System (LIMS),,,
,,,,Chromatography Data System (CDS),,,
,,,,Mass Spectrometry Software,,,
,,,,Documentation,,,
,,,,Scientific Document Management System (SDMS),,,
,,,,Lab Notebook,,,
,,Auto Identification,,,,,
,,,RFID & RTLS,,,,
,,,,Tags,Active,,
,,,,,Passive,,
,,,,Readers,,,
,,,,Software,,,
,,,Barcodes,,,,
,,,,Labels,,,
,,,,Readers,,,
,,,NFC,,,,
,,,,Stickers/ Label,,,
,,,,Readers,,,
,,,Bluetooth Low Energy (BLE),,,,
,,,,Beacons/Tags,,,
,,,,Readers,,,
,,,,Software,,,
,,,EAS,,,,
,,Electronics & Semiconductors,,,,,
,,,Electronics Manufacturing,,,,
,,,,EMS,,,
,,,,SMT Equipment,,,
,,,,,Screen printing equipment,,
,,,,,Dispenser,,
,,,,,Placement equipment,,
,,,,,Re-flow owen,,
,,,,,Inspection equipment,,
,,,Semiconductors,,,,
,,,,Devices,Logic,,
,,,,,,"CPU, GPU, DSP, MPU, MCU, FPGA, Others",
,,,,,Memory,,
,,,,,,"DRAM, NAND, NOR,  ReRAM, Others",
,,,,,Analog,,
,,,,,,"General Purpose Analog, Voltage Regulators, Data converters",
,,,,,Discrete,,
,,,,,,"Rectifiers and diodes, SiC, power transistors, thyristors, others",
,,,,,Optical & Sensors,,
,,,,,,"Optical sensors, LED, laser diodes, couplers, MEMS, Radar sensors, image sensors, others",
,,,,Equipment,,,
,,,,,Front-end Fab,,
,,,,,,Lithography Equipment,
,,,,,,Etch Equipment,
,,,,,,PCVD Equipment,
,,,,,,Backfinish Equipment,
,,,,,,Semiconductor Metrology Equipment,
,,,,,,Semiconductor Inspection Equipment,
,,,,,,Epitaxy Equipment,
,,,,,,Resist Strip Equipment Market,
,,,,,Back-End,,
,,,,,,Wafer Sort Equipment,
,,,,,,Assembly & Packaging Equipment,
,,,,,,Semiconductor Test (Probe & ATE),
,,,,,,Semiconductor Assembly Equipment,
,,,,EDA (Electronic Design Automation),,,
,,,,,IC Physical Design and Verification,,
,,,,,Computer Aided Engineering,,
,,,,,PCB & Multi-chip-Module Design & Verification,,
,,,,,Semiconductor Intellectual Property Services,,
,,Mechanical Test,,,,,
,,,Non Destructive Testing,,,,
,,,,Ultrasonic Testing,,,
,,,,,Phased Array Ultrasonic Testing,,
,,,,,Time-of-Flight-Diffraction (TOFD),,
,,,,,TFM – Total Focusing Method,,
,,,,,Laser UT,,
,,,,,Spectroscopy,,
,,,,,Conventional UT,,
,,,,,Air Coupled Testing,,
,,,,,Automated Ultrasonic Inspection,,
,,,,,Angle Beam,,
,,,,,Backscatter Technique,,
,,,,,Immersion Testing,,
,,,,,Internal Rotary Inspection System,,
,,,,Radiography Testing,,,
,,,,,Industrial CT,,
,,,,,X-ray Inspection,,
,,,,,Film Radiography,,
,,,,,Acoustic Emission Testing,,
,,,,Eddy Current Testing,,,
,,,,Surface Inspection,,,
,,,,Visual Inspection,,,
,,,,,Remote Visual Inspection,,
,,,,,Ultraviolet Probes,,
,,,,,Spectrometry,,
,,,,,Computer Vision,,
,,,,,Optical Scanning,,
,,,,,Borescope,,
,,,Condition Monitoring,,,,
,,,,Vibration Monitoring,,,
,,,,Lubricating Oil Analysis,,,
,,,,Thermography,,,
,,,Material Testing,,,,
,,,,Servohydraulic Testing Machines,,,
,,,,Universal Testing Machines,,,
,,,,Hardness Testing,,,
,,,,Impact Testing,,,
,,,Dimensional Metrology,,,,
,,,,Coordinate Measuring Machines (CMM),,,
,,,,Optical Digitizers and Scanners (ODS),,,
,,,,Vision Measuring Machines (VMM),,,
,,,,Vision Sensors,,,
,,,,Laser Micrometers,,,
,,,,Guages and Calipers,,,
,Machines,,,,,,
,,Machine Tools,,,,,
,,,Metal Cutting,,,,
,,,,Turning Machines,,,
,,,,,CNC,,
,,,,,,Vertical,
,,,,,,Horizontal,
,,,,,Manual,,
,,,,Grinding,,,
,,,,Lapping,,,
,,,,Polishing,,,
,,,,Machining Centers,,,
,,,Metal Forming,,,,
,,,,Mechanical Press,,,
,,,,Hydraulic Press,,,
,,,,Bending & Forming,,,
,,,,Press Brakes,,,
,,,Special,,,,
,,,,Electrical Discharge,,,
,,Pumps,,,,,
,,,"Positive Displacement Pumps 
",,,,
,,,,Diaphragm Pumps,,,
,,,,Piston Pumps,,,
,,,,Gear Pumps,,,
,,,,Lobe Pumps,,,
,,,,Progressive Cavity Pumps,,,
,,,,Screw Pumps,,,
,,,,Vane Pumps,,,
,,,,Peristaltic Pumps,,,
,,,Centrifugal Pumps,,,,
,,,,Single-stage Pumps,,,
,,,,Multi-stage Pumps,,,
,,,,Axial and Mixed flow Pumps,,,
,,,,Submersible Pumps,,,
,,,,Seal-less and Circular  Pumps,,,
,,Valves,,,,,
,,,Ball Valves,,,,
,,,Butterfly Valves,,,,
,,,"Gate, Globe, and Check(GGC) Valves",,,,
,,,Plug Valves,,,,
,,,Control Valves,,,,
,,,Specialty Valves,,,,
,,,,Pressure relief Valves,,,
,,,,Diaphragm Valves,,,
,,Actuators,,,,,
,,,Hydraulic Actuators,,,,
,,,Pneumatic Actuators,,,,
,,,Electric Actuators,,,,
,,Compressors,,,,,
,,,Air Compressors,,,,
,,,,Rotary Screw Air Compressors,,,
,,,,,Oil Injected Rotary Screw Air Compressors,,
,,,,,Oil Free Rotary Screw Air Compressors,,
,,,,Reciprocating Air Compressors,,,
,,,,Centrifugal Air Compressors,,,
,,,Process Gas Compressors,,,,
,,,,Rotary Screw Process Gas Compressors,,,
,,,,Reciprocating Process Gas Compressors,,,
,,,,Centrifugal Process Gas Compressors,,,
,,,,,In-line Centrifugal Compressors,,
,,,,,Integrally Geared Centrifugal Compressors,,
,,Motors,,,,,
,,,AC Motors,,,,
,,,,AC Induction Motors,,,
,,,,AC Synchronous Motors,,,
,,,,,Permanent Magnet AC Motors,,
,,,,,Reluctance Motors,,
,,,DC Motors,,,,
,,,,Brushed DC Motors,,,
,,,,Brushless DC Motors,,,
,,,Servo and Stepper Motors,,,,
,,Drives,,,,,
,,,AC Drives,,,,
,,,DC Drives,,,,
,,,Servo Drives,,,,
,,Gearboxes,,,,,
,,,Helical Gearboxes,,,,
,,,Bevel Gearboxes,,,,
,,,Worm Gearboxes,,,,
,,,Planetary Gearboxes,,,,
,,Bearings,,,,,
,,,Ball Bearings,,,,
,,,,Deep Grove Ball Bearings,,,
,,,,Axial Ball Bearings,,,
,,,,Angular Contact Ball Bearings,,,
,,,Roller Bearings,,,,
,,,,Needle Roller Bearings,,,
,,,,Cylinder Roller Bearings,,,
,,,,Spherical Roller Bearings,,,
,,,,Tapered Roller Bearings,,,
,,Couplings,,,,,
,,,Mechanical Flexible Couplings,,,,
,,,Material Flexible Couplings,,,,
,,,Fluid Couplings,,,,
,,Heat Exchangers,,,,,
,,,"Shell-and-tube heat exchangers
",,,,
,,,"Gasketed plate-and-frame heat exchangers
",,,,
,,,"All-welded plate heat exchangers
",,,,
,,,"Brazed plate heat exchangers
",,,,
,,,"Air-cooled heat exchangers
",,,,
,,,Cooling tower systems,,,,
,,Mechanical Seals,,,,,
,,,Pusher Seals,,,,
,,,,Single,,,
,,,,Split,,,
,,,,Dual,,,
,,,Non-Pusher Seals,,,,
,,,,Elastomer,,,
,,,,Metal Bellows,,,
,,,Dry Seals,,,,
,,Belt Drives,,,,,
,,,Flat Belts,,,,
,,,V-Belts,,,,
,,,Pulleys,,,,
,,Chain Drives,,,,,
,,,Roller Chains,,,,
,,,Leaf Chains,,,,
,,,Conveyor Chains,,,,
,,,Sprockets,,,,
,,Weighing Equipment,,,,,
,,,"Floor and Bench Scales
",,,,
,,,"Checkweighers
",,,,
,,,Continuous Weighing Equipment,,,,
,,,Transportation Scales,,,,
,,,Precision Balances,,,,
,,Hydraulic Equipment,,,,,
,,,Hydraulic Pumps,,,,
,,,Hydraulic Motors,,,,
,,,Hydraulic Valves,,,,
,,,Hydraulic Cylinders,,,,
,,,Hydraulic Transmission,,,,
,,,Hydraulic Filters and Hydraulic Accumulators,,,,
,,,"Others (fluid connectors, auxiliary components, and other accessories)",,,,
,,Pneumatic Equipment,,,,,
,,,Pneumatic Valves,,,,
,,,Pneumatic Actuators,,,,
,,,Pneumatic Fittings,,,,
,,,,Components,,,
,,,,"Piping, tubing parts",,,
,Manufacturing & Automation,,,,,,
,,Industrial Automation,,,,,
,,,Programmable Logic Controllers,,,,
,,,Supervisory Control & Data Acquisition,,,,
,,,Machine Safety Systems,Safety sensors,,,
,,,,Safety Interlock Switches,,,
,,,,Safety Relays,,,
,,,,Safeguarding panels,,,
,,,,Safety Contactors,,,
,,Process Equipment,,,,,
,,,Distributed Control System,,,,
,,,Human Machine Interface,,,,
,,,Process Safety Systems,,,,
,,,,Emergency Shutdown Systems,,,
,,,,High Integrity Pressure Protection Systems,,,
,,,,Burner Management System,,,
,,,,Turbomachinery Control  System (TMC),,,
,,,,Fire and Gas Control System,,,
,,Industrial Software,,,,,
,,,Manufacturing Execution System/Enterprise Asset Management,,,,
,,,Operator Training and Simulation Software,,,,
,,Industrial Cyber Security,,,,,
,,Conditon Monitoring,,,,,
,,,Vibration Monitoring,,,,
,,,Lubricating Oil Analysis,,,,
,,,Thermography,,,,
,,Digital Industrial Platforms,,,,,
,,,Big Data Analytics,,,,
,,,Digital Twins,,,,
,,,Cloud,,,,
,,,Edge Computing,,,,
,,,Cybersecurity,,,,
,,,Data Management,,,,
,,Sensors & Instrumentation,,,,,
,,,Flow Sensors & Transmitters,,,,
,,,,Open Channel,,,
,,,,Differential Pressure,,,
,,,,Variable Are,,,
,,,,Positive Displacement,,,
,,,,Turbine,,,
,,,,Vortex,,,
,,,,Electromagnetic,,,
,,,,Coriolis,,,
,,,,Thermal Mass,,,
,,,,Ultrasonic,,,
,,,,MEMS,,,
,,,Level Sensors & Transmitters,,,,
,,,,Magnetostrictive,,,
,,,,Vibratory Probe,,,
,,,,Hydrostatic,,,
,,,,Capacitance,,,
,,,,Conductivity,,,
,,,,Ultrasonic,,,
,,,,Radar-guided Wave and Non-contact,,,
,,,,Mechanical and Magnetic Float,,,
,,,,Rotating Paddle,,,
,,,,Pneumatic,,,
,,,,Weight and Cable,,,
,,,,Resistive Chain,,,
,,,,Air Bubbler,,,
,,,,"Other (laser, nuclear, optical, MEMS, load cells)",,,
,,,"Pressure Sensors & Transmitters
",,,,
,,,,Bourdon Tube,,,
,,,,Capacitance,,,
,,,,Strain Gauge,,,
,,,,MEMS,,,
,,,,Piezoelectric,,,
,,,,Vacuum Pressure,,,
,,,,Fiber Optic,,,
,,,,Piesoresistive,,,
,,,,LVDT,,,
,,,Temperature Sensors & Transmitters,,,,
,,,,Infrared,,,
,,,,Thermocouple,,,
,,,,RTD,,,
,,,,Thermistor,,,
,,,,Integrated Circuit,,,
,,,,Fiber Optic,,,
,,,Humidity Sensors,,,,
,,,,Ziconium Oxide Oxygen Sensor,,,
,,,,TDLAS,,,
,,,,Paramagnetic Oxygen Sensor,,,
,,,,Electrochemical,,,
,,,,Impedence,,,
,,,,Thin Film Capacitance Sensor,,,
,,,,Quartz Crystal Microbalance,,,
,,,,Aluminum Oxide,,,
,,,,Chilled Mirror/Cooled Mirror,,,
,,,,Bimetallic Termperature Sensor,,,
,,,,Infrared,,,
,,,Moisture Sensors,,,,
,,,Biosensors,,,,
,,,LiDAR Sensors,,,,
,,,Image Sensors,,,,
,,,Optical Sensors,,,,
,,,Position Sensors,,,,
,,,Vibration Sensors,,,,
,,,Force Sensors,,,,
,,,Strain Guages,,,,
,,,Load Cells,,,,
,,,Proximity Sensors,,,,
,,,Radiation Sensors,,,,
,,,Motion Sensors,,,,
,,,Chemical Sensors,,,,
,,,Particle Sensors,,,,
,,,Flaw Sensors,,,,
,,,Flame Sensors,,,,
Information/Comm Technology,,,,,,,
,Network,,,,,,
,,Connectivity Services,,,,,
,,,Next-Gen Wireless Services,,,,
,,,,5G Wireless,,,
,,,,Private 5G Wireless,,,
,,,,Edge Compute,,,
,,,,Mobile Voice/Data Services,,,
,,,Enterprise Networking Services,,,,
,,,,MPLS,,,
,,,,Ethernet,,,
,,,,Dedicated Internet Access,,,
,,,,SIP Trunking,,,
,,,,Fixed Broadband,,,
,,,Managed Network Services,,,,
,,,,Managed SD-WAN,,,
,,,,Managed WiFi,,,
,,,Consumer Network Services (Tracker),,,,
,,Network Infrastructure & Operations,,,,,
,,,5G Infrastructure,,,,
,,,,Open & Virtual RAN,,,
,,,,DIS & Small Cells,,,
,,,Carrier Network Operations,,,,
,,,,Network Automation,,,
,,,,Wireless Digital Support Systems,,,
,,,,Network Function Virtualization,,,
,,,Enterprise Network Edge,,,,
,,,,SASE,,,
,,,,SD-WAN,,,
,,Network Configurations &   Use Cases,CDN,,,,
,,,,Media Delivery,,,
,,,,API Optimization,,,
,,,,Website Performance,,,
,,,IoT Connectivity (cross-reference with IoT?),,,,
,,,,Cellular IoT,,,
,,,,LP-WAN,,,
,IoT and Edge  Configurations,,,,,,
,,IoT Components,,,,,
,,,IoT Devices,,,,
,,,IoT Platforms,,,,
,,Compute Edge,,,,,
,,,Multi-Access Edge Compute,,,,
,,,Edge-to-Cloud Platforms,,,,
,,Network Edge,,,,,
,,,Telco Edge,,,,
,,,Wireless Edge,,,,
,,,SASE,,,,
,,Services & Solutions,,,,,
,,,Managed & Professional IoT Services,,,,
,,,Vertical Use Cases,,,,
,"Cloud, IT, & Data Centers",,,,,,
,,Colocation/Data Centers,,,,,
,,,Data Center Markets,,,,
,,,Edge Data Centers,,,,
,,,High Density Data Centers,,,,
,,Cloud Infrastructure & Platforms,,,,,
,,,Public Cloud IaaS-PaaS Markets,,,,
,,,Community/Vertical Clouds,,,,
,,,Hybrid Cloud,,,,
,,,,Edge to Cloud Hybrid Orchestration Platforms,,,
,,,Cloud Storage,,,,
,,Cloud/IT Management & Operations,,,,,
,,,Cloud Management Platforms,,,,
,,,,Cost & Resource Optimization,,,
,,,,Hybrid Cloud/IT Operations Management,,,
,,,,Data Management/ Protection,,,
,,,,Container Management,,,
,,,Cloud Development & Delivery,,,,
,,,,Low-Code/No-Code,,,
,,,,Serverless,,,
,,,,Containers,,,
,,,"Cloud/IT Design, Implementation, & Management Services",,,,
,,,,Managed Cloud Services,,,
,,,,"SIs, MSPs",,,
,,,,Digital Employee Experience,,,
,,,,IT Service Management,,,
,,IT Infrastructure,,,,,
,,,Compute,,,,
,,,,Processors,,,
,,,,Servers,,,
,,,,Hypervisors/Containers,,,
,,,Storage,,,,
,,,,Storage Systems,,,
,,,,Software Defined Storage,,,
,Enabling Technologies,,,,,,
,,AR/VR,,,,,
,,,Technologies & Components,,,,
,,,,AR/VR/MR Platforms,,,
,,,,AR/VR/MR Equipment,,,
,,,,Computer Vision,,,
,,,Solutions,,,,
,,,,Video Streaming,,,
,,,,Audio Streaming,,,
,,,,Cloud Gaming,,,
,,,,Social Video,,,
,,,,Metaverse,,,
,,Artificial Intelligence,,,,,
,,,Applications,,,,
,,,,Text AI,,,
,,,,Image/Vision AI,,,
,,,,Conversational AI/Chatbots,,,
,,,Platform & Services,,,,
,,,Solutions,,,,
,,,,Cloud AI Platforms,,,
,,,,AI Integration,,,
,,,,Telecom (AIoT),,,
,,,,Vertical use cases,,,
,,,,Horizontal use cases,,,
,,Advanced Technologies,,,,,
,,,Automation,,,,
,,,,Robotic Process Automation,,,
,,,Blockchain,,,,
,,,,Use Cases,,,
,Business Applications & Processes,,,,,,
,,Mobile Business Solutions,,,,,
,,,Mobile Situational Awareness,,,,
,,,Field Service Awareness,,,,
,,,Mobile Asset Management,,,,
,,,Mobile Advertising & Marketing,,,,
,,Enterprise Applications,,,,,
,,,Sales Force Automation,,,,
,,,CRM,,,,
,,,Business Process Outsourcing,,,,
,,,Digital Advertising,,,,
,,,Digital Signage,,,,
,,,eCommerce Fraud Detection,,,,
,,Cloud Services,,,,,
,,,Desktop as a Service,,,,
,,,Disaster Recovery as a Service,,,,
,,,Data Management as a Service,,,,
,,FinTech/ Mobile Payments,,,,,
,,,Digital Financial Services,,,,
,,,"BNPL (Buy now, Pay later) Loan Payment Market",,,,
,,,Mobile Payments Market,,,,
,,,Blockchain Payments,,,,
,Enterprise Communications & Collaboration,,,,,,
,,Cloud Communications Services & Platforms,,,,,
,,,Unified Communications as a Service (UCaaS),,,,
,,,Communications Platform as a Service (CPaaS),,,,
,,Meetings & Events Markets,,,,,
,,,Cloud meeting services,,,,
,,,Virtual Events,,,,
,,,Web Events,,,,
,,,Intelligent Meeting Rooms,,,,
,,Communications & Conferencing Equipment,,,,,
,,,Communications Endpoints,,,,
,,,,Professional Headsets,,,
,,,,Desk phones,,,
,,,,Smartphone Tracker,,,
,,,Conferencing Equipment,,,,
,,,,Videoconferencing Devices,,,
,,,,Audioconferencing Devices,,,
,Customer Experience,,,,,,
,,Customer Communications Solutions,,,,,
,,,CCaaS (Contact Center as a Service),,,,
,,,,"Geographical - APAC, CALA, EU, NA",,,
,,,Contact Center Applications,APAC,,,
,,,Customer Experience Outsourcing,,,,
,,,,"Geographical - APAC, NA, LATAM, EU, Australia",,,
,,CX Platform Technologies,,,,,
,,,Customer Analytics,,,,
,,,Virtual Agents,,,,
,,,AI in CX,,,,
,,,Sentiment Analysis Tools,,,,
,,,Biometric Authentication,,,,
,,CX Vertical Use Cases,,,,,
,ICT Sustainability,,,,,,
,,Sustainable Data Centers,,,,,
,,,DC Decarbonization,,,,
,,,Circularity,,,,
,,Measuring/ Monitoring Tools,,,,,
,,,Public cloud provider tools & solutions,,,,
,,ICT Use Cases,,,,,
TechVision,,,,,,,
,Advanced Manufacturing & Automation,,,,,,
,,Additive Manufacturing,,,,,
,,Robotics,,,,,
,,Digital Manufacturing Solutions,,,,,
,,Traditional/Conventional Manufacturing Technologies,,,,,
,,Sustainable Manufacturing,,,,,
,Chemicals & Advanced Materials,,,,,,
,,High Performance Materials,,,,,
,,Circular and Sustainable Materials,,,,,
,,Advanced Coatings,,,,,
,,Surface Modification and Deposition Technologies,,,,,
,,Specialty and Fine Chemicals,,,,,
,,"Nanosurfaces, Nanocoatings and Nanomaterials ",,,,,
,,"Food, Health and Wellness Ingrdients",,,,,
,Energy & Utilities,,,,,,
,,Distributed Energy Generation (DEG),,,,,
,,Energy Storage,,,,,
,,Smart Grids,,,,,
,,"Energy Management
",,,,,
,,Hydrogen Economy,,,,,
,,Clean Energy,,,,,
,Environment & Sustainability,,,,,,
,,"Carbon Capture, Utilization and Storage
",,,,,
,,Wastewater Treatment,,,,,
,,Waste-to-energy,,,,,
,,Solid Waste Management,,,,,
,,Water Treatment & Desalination,,,,,
,,Climate Controlled Agriculture,,,,,
,Health & Wellness,,,,,,
,,"Cell, & Gene Therapies",,,,,
,,Personalized & Precision Medicine,,,,,
,,Advanced Drug Discovery,,,,,
,,Biomanufacturing,,,,,
,,Regenerative Medicine,,,,,
,,Targeted Drug Delivery,,,,,
,,Omics Technologies,,,,,
,,Microbiome Enablers and Applications,,,,,
,,Big Data & AI Healthcare,,,,,
,,Next Generation Vaccines,,,,,
,Information & Communications Technologies,,,,,,
,,Intelligence and Automation,,,,,
,,Communications,,,,,
,,Simulation/ Visualization,,,,,
,,Fintech,,,,,
,,IoT and Computing,,,,,
,Medical Devices & Imaging,,,,,,
,,"Advanced Medical Devices: Wearables, Implantables, Patient Monitoring Device, Drug Delivery Devices, Bionics, Neurostimulation, etc",,,,,
,,"Medical Imaging Innovations: Intelligent Imaging Analysis, Mobile Medical Imaging, Hybrid Imaging",,,,,
,,"Diagnostics: Microfluidics/Nanofluidics, Invitro diagnostics, Molecular & Immuno diagnostic, Pathology",,,,,
,,"Surgery: Advanced surgical visualization, Minimally Invasive to Incision-less Surgery, Next-gen surgical robots",,,,,
,,"Digital Health: Digital Therapeutics, Digital Biomarker, AI/IoT/AR-VR enabled devices, SAMD",,,,,
,Microelectronics,,,,,,
,,Parallel Processing,,,,,
,,Advanced data storage,,,,,
,,Communications,,,,,
,,Display,,,,,
,,"Semiconductors Cips, Compound Semiconductors",,,,,
,Sensors & Instrumentation,,,,,,
,,Connected Vehicles,,,,,
,,Connected Living,,,,,
,,Industrial IoT,,,,,
,,Environmental Monitoring,,,,,
,,Structural Monitoring,,,,,
Mobility,,,,,,,
,Autonomous,,,,,,
,,Hardware,,,,,
,,,Perception Sensors,,,,
,,,,Camera,,,
,,,,Radar,,,
,,,,LiDAR,,,
,,,,Ultrasonic Sensor,,,
,,,,4D Radar,,,
,,,,Driver Monitoring System,,,
,,,,Occupant Monitoring System,,,
,,Software,,,,,
,,,Sensor Suite,,,,
,,,Sensor Fusion,,,,
,,L2+,,,,,
,,L3,,,,,
,,L4,,,,,
,,L5,,,,,
,,Software,,,,,
,,,Operating System,,,,
,,,Middleware,,,,
,,,Application Layer,,,,
,,,Embedded,,,,
,,Mapping,,,,,
,,,HD Maps,,,,
,,,3D Maps,,,,
,,,Maps for L4,,,,
,Safety,,,,,,
,,Active Safety,,,,,
,,,ADAS,,,,
,,,,Park Assist,,,
,,,,Automatic Emergency Braking,,,
,,,,Lane Departure Warning,,,
,,,,Adaptive Cruise Control,,,
,,,,Forward Collision Warning,,,
,,,,Blind Spot Monitoring,,,
,,,,Pedestrian detection/avoidance,,,
,,,,Lane Centering,,,
,,,,Lane Keep Assist,,,
,,,,Traffic sign recognition,,,
,,,,Intelligent Speed Assist,,,
,,,,Glare Free High Beam,,,
,,,,Night Vision,,,
,,,,Tire Pressure Monitoring,,,
,,Passive Safety,,,,,
,,,Airbags,,,,
,,,,Front Airbag,,,
,,,,Curtain Airbag,,,
,,,,Knee Airbag,,,
,,,,Side Airbag,,,
,,,Seatbelts,,,,
,Chassis,,,,,,
,,Vehicle Architecture,,,,,
,,,Skateboard,,,,
,,,Corner Module,,,,
,,Brakes,,,,,
,,Steering,,,,,
,,Suspension,,,,,
,,Wheels,,,,,
,Body/Interiors,,,,,,
,,HVAC,,,,,
,,Interior,,,,,
,,,Seating,,,,
,,,Trims,,,,
,,Exterior,,,,,
,,,Bumpers,,,,
,,,Lighting,,,,
,,Body in White,,,,,
,E&E Architecture,,,,,,
,,ECU,,,,,
,,Domain Controllers,,,,,
,,Zonal Controllers,,,,,
,,Central Computing,,,,,
,,In Vehicle Communication,,,,,
,,,Datalink Protocol,,,,
,,,Application Protocol,,,,
,,,"Others (wi-fi, USD, 4g/5g)",,,,
,,Wiring Harness,,,,,
,,SoC,,,,,
,,Electronics,,,,,
,Connectivity,,,,,,
,,Hardware,,,,,
,,,Telematics,,,,
,,,Smartphone Integration,,,,
,,Services,,,,,
,,,In-vehicle Connected Services,,,,
,,,,Safety Services,,,
,,,,,"eCall/Automatic collison warning, bCall",,
,,,,,Occupant Monitoring,,
,,,,Security Services,,,
,,,,,Security/ Parental Alert,,
,,,,Vehicle Management,,,
,,,,,Prognostics,,
,,,,,Predictive Maintainence,,
,,,,Infotainment Services,,,
,,,,,Internect Radio/ Music Streaming,,
,,,,,Digital Assistant,,
,,,,,Wi-Fi Hotspot,,
,,,,,App Store,,
,,,,,Video Streaming,,
,,,,Navigation,,,
,,,,,Traffic Information,,
,,,,,Parking Information,,
,,,,,Maps,,
,,,,,Location Based Services,,
,,,,Convenience,,,
,,,,,Marketplace,,
,,,,,In-vehicle Payment,,
,,,,,Biometrics,,
,,,,,Mixed Reality (AR-VR),,
,,,,Remote Services,,,
,,,,,Digital Key,,
,,,,,EV Services,,
,,,,OTA Update,,,
,,,,,FOTA (Firmware update),,
,,,,,SOTA (Software update),,
,,,,New Business Model,,,
,,,,,FoD,,
,,,,Data,,,
,,,,,Data Monetization,,
,,,,,Data Management,,
,,,,V2X,,,
,,,,,V2Infrastructure,,
,,,,,V2Network,,
,,,,,V2Vehicle,,
,,,,,V2Grid,,
,,,,,V2Pedestrian,,
,,,,,V2Device,,
,,,Out-Vehicle Connected Services,,,,
,,,,Intelligent Transport System,,,
,,Services,,,,,
,,,Cockpit,,,,
,Human Machine Interface,,,,,,
,,Hardware,,,,,
,,,Cockpit,,,,
,,,,Multimedia System,,,
,,,,,Visual Display System,,
,,,,,Voice Support System,,
,,,,,Haptic Support (Gesture Recognition),,
,,,,Instrument Cluster,,,
,,,,,Analog,,
,,,,,Hybrid,,
,,,,,Digital,,
,,,,HUD,,,
,,,,,Conventional,,
,,,,,AR,,
,,,E/E Architecture,,,,
,,Software,,,,,
,,,Operating System,,,,
,Shared Mobility,,,,,,
,,Services,,,,,
,,,Carsharing,,,,
,,,,Traditional Carsharing,,,
,,,,,One Way Free Floating,,
,,,,,One Way Zone Based,,
,,,,,Round Trip,,
,,,,Peer-to-Peer Carsharing,,,
,,,,,B2C Carsharing,,
,,,,,Airport Rentals,,
,,,,,B2B Carsharing,,
,,,,Corporate Carsharing,,,
,,,,,Technology Providers,,
,,,,,Fleet & Technology Providers,,
,,,,,Leasing Companies,,
,,,Ridehailing,,,,
,,,,Traditional Taxi,,,
,,,,,Public Taxi,,
,,,,App Based Services,,,
,,,,,Private Hire Vehicles,,
,,,,,Transport Network Companies,,
,,,,"Traditonal 3W (Auto, Rick)",,,
,,,,,Public Rickshaws,,
,,,,,Transport Network Companies,,
,,,,Bike Taxis (2W),,,
,,,,,Transport Network Companies,,
,,,Ridesharing (Carpooling),,,,
,,,,Long Distance Carpooling,,,
,,,,,B2C/Events,,
,,,,Dynamic Carpooling,,,
,,,,,Intraacity,,
,,,,Corporate Carpooling,,,
,,,,,B2C Solution,,
,,,,,SaaS,,
,,,Demand Responsive Shuttles,,,,
,,,,Technology Providers,,,
,,,,,Commuter Shuttles/B2B,,
,,,,,Schools/Universities,,
,,,,,B2G /Transport Authorities,,
,,,,Fleet and Technology Providers,,,
,,,,,B2C Services,,
,,,,,B2G /Transport Authorities,,
,,,,,Commuter Shuttles/B2B,,
,,,Micromobility Sharing,,,,
,,,,Bikesharing,,,
,,,,,Traditional Bikes,,
,,,,,,Docked,
,,,,,,Dockless,
,,,,,e-Bikes,,
,,,,,,Docked,
,,,,,,Dockless,
,,,,,SaaS,,
,,,,Kick scooter Sharing,,,
,,,,,Docked,,
,,,,,Dockless,,
,,,,Moped Sharing,,,
,,,,,Traditional Mopeds,,
,,,,,,Docked,
,,,,,,Dockless,
,,,,,e Mopeds,,
,,,,,,Docked,
,,,,,,Dockless,
,,,Mobility-as-a-Service,,,,
,,,,Technology Providers,,,
,,,,,B2B,,
,,,,,B2G,,
,,,,,B2C,,
,,,Corporate Mobility,,,,
,,,,Carsharing,,,
,,,,,SaaS,,
,,,,Ridehailing,,,
,,,,,SaaS,,
,,,,Demand Responsive Shuttles,,,
,,,,,Saas and Fleet,,
,,,,Micromobility,,,
,,,,,SaaS,,
,,,,,Leasing,,
,,,,MaaS,,,
,,,,,SaaS,,
,,,,Mobility Budgets,,,
,,,,,SaaS,,
,,,Autonomous Shared Mobility,,,,
,,,,Autonomous Shuttles,,,
,,,,,Manufacturers,,
,,,,,Technology Providers,,
,,,,Autonomous Shuttles,,,
,,,,,Service enablers,,
,,,,Robotaxi,,,
,,,,,Manufacturers,,
,,,,,Technology Providers,,
,,,,,Service enablers,,
,,Hardware/Software,,,,,
,,,Connectivity Technology for Carsharing,,,,
,,,,Telematics,,,
,,,,Booking and Reservation Solutions,,,
,,,,Back-end solutions/fleet manangement,,,
,,,,End-to-end Solutions,,,
,,,,Booking and Reservation Solutions,,,
,,,,Back-end solutions/fleet manangement,,,
,,,,End-to-end Solutions,,,
,,,Smart Cities,,,,
,,,,Data Intelligence/ Demand Manangement,,,
,,,,Traffic Management,,,
,,,,Mobility Operating System,,,
,,,,Mobility data platfrom for cities,,,
,,,,Curb Management,,,
,,,,Mapping and Navigation services,,,
,Aftermarket and Digital Retail,,,,,,
,,Aftermarket,,,,,
,,,Passenger Cars,,,,
,,,,Brake Components,,,
,,,,,Brake Pads,,
,,,,,Brake Drums,,
,,,,,Brake Discs,,
,,,,,Brake Calipers,,
,,,,,Brake Rotors,,
,,,,,Brake Pads,,
,,,,,Brake Drums,,
,,,,,Brake Discs,,
,,,,,Brake Calipers,,
,,,,,Brake Rotors,,
,,,,Filters,,,
,,,,,Air Filter,,
,,,,,Fuel Filter,,
,,,,,Cabin Air Filter,,
,,,,,Oil Filter,,
,,,,,Air Filter,,
,,,,,Fuel Filter,,
,,,,,Cabin Air Filter,,
,,,,,Oil Filter,,
,,,,Steering Components,,,
,,,,,Tie Rod,,
,,,,Suspension,,,
,,,,,Control Arms,,
,,,,,Ball Joints,,
,,,,,Sway Bar Links,,
,,,,Turbochargers,,,
,,,,,Turbochargers,,
,,,Commercial Vehicle,,,,
,,,,Turbochargers,,,
,,,,,Turbochargers,,
,,,,After treatment,,,
,,,,,EGR Valves,,
,,,,,DPF,,
,,,,,DOC,,
,,,,,SCR,,
,,,Passenger Cars,,,,
,,,,Wheel Hubs,,,
,,,,,Wheel Hubs,,
,,,,Bearings,,,
,,,,,Bearings,,
,,,,Tire Pressure Monitoring System Sensors,,,
,,,,,Direct Fit,,
,,,,,Pre- Programmed,,
,,,,,Universal,,
,,,Commercial Vehicle,,,,
,,,,Tire Pressure Monitoring System Sensors,,,
,,,,,Direct Fit,,
,,,,,Pre- Programmed,,
,,,,,Universal,,
,,,Passenger Cars,,,,
,,,,Engine Management Sensors,,,
,,,,,Coolant Temperature Sensor,,
,,,,,MAP Sensor,,
,,,,,MAF Sensor,,
,,,,,Camshaft and Crankshaft Position Sensor,,
,,,,,Throttle Position Sensor,,
,,,,Engine Control Unit (ECU),,,
,,,,,ECU,,
,,,Commercial Vehicle,,,,
,,,,Axles,,,
,,,,,Axles,,
,,,Passenger Cars,,,,
,,,,Hand held Diagnostics,,,
,,,,,Hand held scan tools,,
,,,,,Multifunctional diagnostic tool,,
,,,,Starters,,,
,,,,,Starters,,
,,,,Alternators,,,
,,,,,Alternators,,
,,,Commercial Vehicle,,,,
,,,,Starters,,,
,,,,Alternators,,,
,,,Passenger Cars,,,,
,,,,Transmissions,,,
,,,,,Remanufactured,,
,,,,,Replaced,,
,,,,,Rebuilt,,
,,,,,Torque Converters,,
,,,,Exhaust Components,,,
,,,,,Standard Exhaust Components ( Mufflers),,
,,,,,Standard Exhaust Components (Catalytic converters),,
,,,,,Standard Exhaust Components ( Exhaust Pipes),,
,,,,,Standard Exhaust Components (Exhaust Manifolds),,
,,,,,Performance Components (Mufflers),,
,,,,,Performance Components (Cat-back systems),,
,,,,,Performance Components (exhaust tips or tails),,
,,,,Automotive Lubricants,,,
,,,,,Motor Oil,,
,,,Commercial Vehicle,,,,
,,,,Automotive Lubricants,,,
,,,,,Diesel Oil,,
,,,Passenger Cars,,,,
,,,,Additives,,,
,,,Commercial Vehicle,,,,
,,,,Additives,,,
,,,Passenger Cars,Gaskets,,,
,,,,,Cylinder Head Gasket,,
,,,,,Intake Manifold Gasket,,
,,,,,Exhaust Manifold Gasket,,
,,,,,Valve Cover Gasket,,
,,,Passenger Cars,,,,
,,,,Wiper Blades,,,
,,,,,Conventional blades,,
,,,,,Beam blades,,
,,,,,Hybrid blades,,
,,,,,Rear blades,,
,,,,,Winter blades,,
,,,,,Specialty blades,,
,,,,Wheel and Tire Equipment,,,
,,,,,Tire Changer,,
,,,,,Wheel Balancer,,
,,,,,Wheel Aligner,,
,,,,,On-car Lathe,,
,,,,Batteries,,,
,,,,,Conventional,,
,,,,,Premium,,
,,,,,Hybrid Electric Vehicle Batteries,,
,,,,Ride Control Components - Standard,,,
,,,,,Shock Absorbers,,
,,,,,Struts and Strut Assembly,,
,,,,,Coil Springs,,
,,,,,Strut Mounts,,
,,,,Ride Control Components - Performance,,,
,,,,,Performance Ride Control,,
,,,,Tire,,,
,,,Commercial Vehicle,,,,
,,,,Tire,,,
,,,Passenger Cars,,,,
,,,,Lighting Components,,,
,,,,,Forward lighting,,
,,,,,Miniature Bulb,,
,,,,,Collision Repair,,
,,,,,Auxiliary Lighting,,
,,,,,Accessory Lighting,,
,,,,Spark Plug,,,
,,,,,Single Platinum,,
,,,,,Precious / Premium,,
,,,,Fuel Pumps,,,
,,,,,Electric fuel pump,,
,,,,,Fuel modular assembly,,
,,,,,Hanger pump assembly,,
,,,,,Mechanical fuel pump,,
,,,,,GI,,
,,,,Ignition Coils,,,
,,,,,Cans/Singles,,
,,,,,Coil Packs or Cassettes,,
,,,,,COP (Coil On Plug),,
,,,,,CNP (Coil Near Plug),,
,,,,Remanufactured Components,,,
,,,,Telematics,,,
,,,,,OBD,,
,,,,,In-Vehicle / Services,,
,,,Aftermarket Parts Distributor,,,,
,,,,Distributors,,,
,,,,Buying Groups,,,
,,,Passenger Cars,,,,
,,,,OES channel,,,
,,,,,OEM,,
,,,,Service aggregator,,,
,,,,,Parts repair and maintenance,,
,,,,Financial Contract Services,,,
,,,,,Maintenance warranties,,
,,,,EV charging infrastructure,,,
,,,,,charging companies,,
,,,,eCommerce,,,
,,,,,Web / mobile / app based parts retail,,
,Financing,,,,,,
,,Leasing,,,,,
,,,Passenger Vehicles,,,,
,,,,Corporate/Fleet/B2B,,,
,,,,,Operational Leasing,,
,,,,,,Powertrain,
,,,,,,,Petrol
,,,,,,,Diesel
,,,,,,,BEV
,,,,,,,PHEV
,,,,,,,Hybrid
,,,,,,,Fuel Cell
,,,,,,Brand Class,
,,,,,,,Premium
,,,,,,,Non Premium
,,,,,,Sales Channel,
,,,,,,,Direct
,,,,,,,Indirect
,,,,,,Fleet Size,
,,,,,,,Micro
,,,,,,,Small
,,,,,,,Medium
,,,,,,,Large
,,,,,,,Very Large
,,,,,Financial Leasing,,
,,,,,,Powertrain,
,,,,,,,Petrol
,,,,,,,Diesel
,,,,,,,BEV
,,,,,,,PHEV
,,,,,,,Hybrid
,,,,,,,Fuel Cell
,,,,,,Brand Class,
,,,,,,,Premium
,,,,,,,Non Premium
,,,,,,Sales Channel,
,,,,,,,Direct
,,,,,,,Indirect
,,,,,,Fleet Size,
,,,,,,,Micro
,,,,,,,Small
,,,,,,,Medium
,,,,,,,Large
,,,,,,,Very Large
,,,,Used Car,,,
,,,,,Operational Leasing,,
,,,,,Financial Leasing,,
,,,,Retail/Private/B2C,,,
,,,,,Operational Leasing,,
,,,,,,Powertrain,
,,,,,,Powertrain,
,,,,,,Powertrain,
,,,,,,Powertrain,
,,,,,,Powertrain,
,,,,,,Powertrain,
,,,,,,Brand Class,
,,,,,,Brand Class,
,,,,,,Sales Channel,
,,,,,,Sales Channel,
,,,,,Financial Leasing,,
,,Loan,,,,,
,,,Passenger Vehicles,,,,
,,,,Corporate/Fleet/B2B,,,
,,,,,Outright Purchase,,
,,,,,,Powertrain,
,,,,,,Powertrain,
,,,,,,Powertrain,
,,,,,,Powertrain,
,,,,,,Powertrain,
,,,,,,Powertrain,
,,,,,,Brand Class,
,,,,,,Brand Class,
,,,,,,Fleet Size,
,,,,,,Fleet Size,
,,,,,,Fleet Size,
,,,,,,Fleet Size,
,,,,,,Fleet Size,
,,,,Retail/Private/B2C,,,
,,Credit,,,,,
,,,Passenger Vehicles,,,,
,,,,Retail/Private/B2C,,,
,,Cash,,,,,
,,,Passenger Vehicles,,,,
,,,,Retail/Private/B2C,,,
,,Rental,,,,,
,,,Passenger Vehicles,,,,
,,,,Short Term,,,
,,,,Long Term,,,
,,Leasing,,,,,
,,,Passenger Vehicles,,,,
,,,,Subscription,,,
,,,,Services,,,
,,,,,Operational Leasing,,
,,,,,,Maintenance and Repair,
,,,,,,Insurance,
,,,,,,Accident Management,
,,,,,,Road Side Assistance,
,,,,,,Fleet Telematics Solutions,
,,,,,,Replacement Vehicle,
,,,,,,Tire Management,
,,,Light Commercial Vehicles (<3.5 MT),,,,
,,,,Corporate/Fleet/B2B,,,
,,,,,Operational Leasing,,
,,,,,,Powertrain,
,,,,,,Brand Class,
,,,,,,Sales Channel,
,,,,,,Fleet Size,
,,,,,Financial Leasing,,
,,,,,,Powertrain,
,,,,,,Brand Class,
,,,,,,Sales Channel,
,,,,,,Fleet Size,
,,,,Used Car,,,
,,,,,Operational Leasing,,
,,,,,Financial Leasing,,
,,,,Retail/Private/B2C,,,
,,,,,Operational Leasing,,
,,,,,,Powertrain,
,,,,,,Brand Class,
,,,,,,Sales Channel,
,,,,,Financial Leasing,,
,,,,,,Powertrain,
,,,,,,Brand Class,
,,,,,,Fleet Size,
,,Loan,,,,,
,,,Light Commercial Vehicles (<3.5 MT),,,,
,,,,Corporate/Fleet/B2B,,,
,,,,,Outright Purchase,,
,,,,,,Powertrain,
,,,,,,Brand Class,
,,,,,,Fleet Size,
,,,,Retail/Private/B2C,,,
,,Credit,,,,,
,,,Light Commercial Vehicles (<3.5 MT),,,,
,,,,Retail/Private/B2C,,,
,,Cash,,,,,
,,,Light Commercial Vehicles (<3.5 MT),,,,
,,,,Retail/Private/B2C,,,
,,Rental,,,,,
,,,Light Commercial Vehicles (<3.5 MT),,,,
,,,,Short Term,,,
,,,,Long Term,,,
,,Leasing,,,,,
,,,Light Commercial Vehicles (<3.5 MT),,,,
,,,,Subscription,,,
,,,,Services,,,
,,,,,Operational Leasing,,
,,,,,,Maintenance and Repair,
,,,,,,Insurance,
,,,,,,Accident Management,
,,,,,,Road Side Assistance,
,,,,,,Fleet Telematics Solutions,
,,,,,,Replacement Vehicle,
,,,,,,Tire Management,
Aerospace & Defense,,,,,,,
,Defense,,,,,,
,,Defense Spending,,,,,
,,,Research and Development,,,,
,,,Weapons Systems,,,,
,,,Training,,,,
,,,Geospatial,,,,
,,,Service Budgets,,,,
,,C4ISR,,,,,
,,,Battle Management,,,,
,,,Counter-UAS,,,,
,,,Satellite Communications,,,,
,,,"Intelligence, Surveillance & Reconnaissance",,,,
,,,Test & Measurement,,,,
,,Homeland Security,,,,,
,,,Infrastructure Security,,,,
,,,Border Protection,,,,
,,,Coastal Protection,,,,
,,,Transportation Security,,,,
,,,Emergency Management,,,,
,,Platforms,,,,,
,,,Aircraft,,,,
,,,Ground,,,,
,,,Maritime,,,,
,,,Unmanned Systems/Robotics,,,,
,,Information Technologyh,,,,,
,,,Artificial Intelligence,,,,
,,,Cloud,,,,
,,,Cybersecurity,,,,
,,,Networks,,,,
,,,5G/IOT/Mobile Devices,,,,
,,,Software,,,,
,,,Hardware,,,,
,Unmanned Systems,,,,,,
,,Commercial,,,,,
,,,Platform,,,,
,,,Application / Services,,,,
,,,Software,,,,
,,,Support & Infrastructure,,,,
,,,Navigation,,,,
,,,Regional,,,,
,,Government / Military,,,,,
,,,Platform,,,,
,,,Mission / Roles,,,,
,,,Armed Systems,,,,
,,,Capacity / Payload,,,,
,,,Maintenance,,,,
,,,Regional,,,,
,,Training,,,,,
,,,Operator,,,,
,,,Software,,,,
,,,Hardware,,,,
,,Components,,,,,
,,,Platform,,,,
,,,Base Station,,,,
,,,Software,,,,
,,Counter-UAS,,,,,
,,,Government / Military,,,,
,,,Commercial,,,,
,,,Multi-Sensore Systems,,,,
,,,Single-Sensor Systems,,,,
,,,Drone-based Systems,,,,
,,,Handheld Systems,,,,
,,Sensors,,,,,
,,,Navigation,,,,
,,,Surveillance,,,,
,,,Detection,,,,
,,,Geospatial,,,,
,Space,,,,,,
,,Future of Space,,,,,
,,,Deep Space,,,,
,,,Situational Awareness,,,,
,,,High-Speed Air Travel,,,,
,,,Asteroid Mining,,,,
,,Small Satellites,,,,,
,,,New Space Investments,,,,
,,,Mega-Constellations,,,,
,,,In-Orbit Servicing,,,,
,,,Debris Removal,,,,
,,Satellite Launch Services,,,,,
,,,Spaceports,,,,
,,,New Launch Vehicles,,,,
,,,Launch Services,,,,
,,,Launch Vehicle Technologies,,,,
,,Satellite Manufacturing,,,,,
,,,Serial Production,,,,
,,,Subsystems and Components,,,,
,,,Software-defined Satellites,,,,
,,,Payload / Sensors,,,,
,,Downstream Services,,,,,
,,,SATCOM,,,,
,,,IOT Services,,,,
,,,Geospatial Services,,,,
,,,Artificial Intelligence,,,,
,,Military Space,,,,,
,,,Space Forces,,,,
,,,Cybersecurity,,,,
,,,"Intelligence, Surveillance & Reconnaissance",,,,
Energy & Environment,,,,,,,
,Power & Energy,,,,,,
,,Critical Power,,,,,
,,,UPS,,,,
,,,,Single Phase,,,
,,,,Three Phase,,,
,,,,Rotary,,,
,,,,Static,,,
,,,,Modular,,,
,,,Cooling,,,,
,,,,CRAC/CRAH,,,
,,,,Liquid Cooling,,,
,,,,Row Based,,,
,,,,Rack Based,,,
,,,,Liquid Immersion,,,
,,,Inverters,,,,
,,,,Solar Inverters,,,
,,,,Wind Inverters,,,
,,,,Fuel Cell Inverters,,,
,,,,Battery Inverters,,,
,,,Converters,,,,
,,,,DC-DC Converters,,,
,,,,Battery Storage Converters,,,
,,,,Wind Converters,,,
,,Power Generation,,,,,
,,,Thermal Power,,,,
,,,,Gas Turbines,,,
,,,,,Aeroderivative Turbines,,
,,,,,Heavy Duty Turbines,,
,,,,Steam Turbines,,,
,,,,Boilers,,,
,,,,Compressors,,,
,,,,Pumps,,,
,,,,Valves,,,
,,,,HRSGs,,,
,,,,Gensets,,,
,,,,,Gas,,
,,,,,Diesel,,
,,,,,Duel-Fuel,,
,,,Renewable Energy,,,,
,,,,Wind,,,
,,,,,Onshore Wind,,
,,,,,Offshore Wind,,
,,,,,Wind Services,,
,,,,Solar,,,
,,,,,Photovoltaic,,
,,,,,,Residential,
,,,,,,Commercial,
,,,,,,Industrial,
,,,,,,Utility,
,,,,,,Solar Services,
,,,,,Concentrated,,
,,,,Geothermal,,,
,,,,Marine,,,
,,,,,Wave,,
,,,,,Tidal,,
,,,,Bioenergy,,,
,,,,,Biomass,,
,,,,,Waste to Energy,,
,,,,,Biogas,,
,,,Nuclear Power,,,,
,,,,Fusion,,,
,,,,Fision,,,
,,,,,Large Reactors,,
,,,,,Small Modular Reactors,,
,,,,,Micro Reactors,,
,,,Fuel Cells,,,,
,,,,Solid Oxide,,,
,,,,Proton Exchange Membrane,,,
,,,,Alkaline,,,
,,,,Molten Carbonate,,,
,,,,Phosphoric Acid,,,
,,Grids,,,,,
,,,High Voltage Transmission Hardware,,,,
,,,,Substation Automation,,,
,,,,,Switchgears,,
,,,,,Power Transformers,,
,,,,,Circuit Breakers,,
,,,,Cables & Busbars,,,
,,,,Circuit Breakers,,,
,,,,Power Transformers,,,
,,,,Switchgears,,,
,,,,HVDC,,,
,,,,FACTS,,,
,,,,,Statcomms,,
,,,,,Filters,,
,,,Medium Voltage Distribution Hardware,Substation Automation,,,
,,,,,Switchgears,,
,,,,,Power Transformers,,
,,,,,Circuit Breakers,,
,,,,Distribution Automation,,,
,,,,,Switchgears,,
,,,,,Distribution Transformers,,
,,,,,Reclosers,,
,,,,,Sectionalisers,,
,,,,Cables & Busbars,,,
,,,,Meters & Insulators,,,
,,,,Relays,,,
,,,,Switches,,,
,,,,Fuses,,,
,,,Microgrids,,,,
,,,,Controllers,,,
,,,Metering,,,,
,,,,Advanced Metering Infrastructure,,,
,,,,,Smart Meters,,
,,,,,Communications Modules,,
,,,,,Network Communications,,
,,,,,Meter Data Management,,
,,,,Non-Smart Meters,,,
,,,,Commercial & Industrial Meters,,,
,,,,Sub-meters,,,
,,,Grid Intelligence Solutions,,,,
,,,,Enterprise Resource Planning,,,
,,,,Data Visualisation,,,
,,,,Analytics & BI,,,
,,,,Data Management,,,
,,,,Data Infrastructure,,,
,,,Grid Operations Solutions,,,,
,,,,Super Control and Data Acquistion,,,
,,,,Energy Management System,,,
,,,,Distribution Management System,,,
,,,,Outage Management,,,
,,,,Geospacial Information Solutions,,,
,,,,"CIS, Billing",,,
,,,,Mobile Workforce Management,,,
,,,,Sensors,,,
,,,,DERMS,,,
,,,Power Quality Management,,,,
,,,,Volt-Var Optimisation,,,
,,,,Demand Response,,,
,,,,Virtual Power Plants,,,
,,,Cyber Security,,,,
,,Energy Storage,,,,,
,,,Batteries,,,,
,,,,Lithium Ion,,,
,,,,Lead Acid,,,
,,,,Flow Batteries,,,
,,,,Nickel,,,
,,,,Solid State Batteries,,,
,,,Non-Battery Storage,,,,
,,,,Flywheels,,,
,,,,Capacitors,,,
,,,,Gravity Storage,,,
,,,,Pumped Hydro,,,
,,,,Compressed Air (CAES),,,
,,,,Thermal Storage,,,
,,Electrification,,,,,
,,,Heat Pumps,,,,
,,,Electric Arc Heating,,,,
,,,Electromagnetic Heating,,,,
,,,Electrical Resistance Heating,,,,
,,Hydrogen,,,,,
,,,Production,,,,
,,,,Electrolysis,,,
,,,,Methane Pyrolysis,,,
,,,Storage,,,,
,,,Transportation,,,,
,Oil & Gas,,,,,,
,,,Upstream,,,,
,,,,Exploration,,,
,,,,Extraction,,,
,,,,Oilfield Services,,,
,,,,Unconventional Fuels,,,
,,,,,Shale Gas,,
,,,,,Shale Oil,,
,,,,,Oil Sands,,
,,,,LNG,,,
,,,,,Liquification,,
,,,,,Re-Gasification,,
,,,,,Transportation,,
,,,,O&G Storage,,,
,,,,Digital Oilfields,,,
,,,Midstream,,,,
,,,Downstream,,,,
,,,Decarbonisation,,,,
,,,,CCUS,,,
,,,,Oilfield Electrification,,,
,,,O&G Automation,,,,
,,,,OT,,,
,,,,IoT,,,
,,,,Robotics,,,
,,,,Artificial Intelligence (AI),,,
,Environment & Sustainability,,,,,,
,,Water & Wastewater,,,,,
,,,Water Utilities,,,,
,,,,Private Utilities,,,
,,,,Publicly Owned Water Utilities,,,
,,,"Design, Engineering and O&M",,,,
,,,,Municipal,,,
,,,,Industrial,,,
,,,,Desalination,,,
,,,Water & Wastewater Networks,,,,
,,,,Pumps,,,
,,,,Automation & Control - SCADA and PLC,,,
,,,,Pipes & Valves,,,
,,,Water & Wastewater Treatment Chemicals,,,,
,,,,Coagulants & Flocculants,,,
,,,,Activated Carbon,,,
,,,,pH Conditioners,,,
,,,,Disinfectants and Biocides,,,
,,,,Scale and Corrosion Inhibitors,,,
,,,,Antifoams,,,
,,,Municipal & Industrial Water Treatment,,,,
,,,,Membrane Filtration,,,
,,,,,Polymeric,,
,,,,,Ceramic,,
,,,,Media Based Filtration,,,
,,,,"Disinfection (UV, Ozone, Chlorine, etc)",,,
,,,,DAF,,,
,,,Municipal & Industrial Wastewater Treatment,,,,
,,,,Pre-Treatment,,,
,,,,Primary Treatment,,,
,,,,Membrane Bioreactor,,,
,,,,Moving Bed Bioreactor,,,
,,,,Sequential Batch Reactor,,,
,,,,Submerged Aerated Filter,,,
,,,,Rotating Biological Contractors,,,
,,,,Activated Sludge (including aeration),,,
,,,,Tertiary Filtration,,,
,,,,Anaerobic Treatment,,,
,,,Sludge Treatment,,,,
,,,,Dewatering,,,
,,,,Thickening,,,
,,,,Digestion,,,
,,,,Drying,,,
,,,CSO and SSO Management,,,,
,,,Desalination,,,,
,,,,Reverse Osmosis,,,
,,,,"Thermal - MSF, VC and MED",,,
,,,,Electrodialysis,,,
,,,,"Others- Forward Osmosis, Nanofiltration, Solar Desalination, etc)",,,
,,,Decentralised & Packaged (incl Desalination),,,,
,,,,Water Treatment,,,
,,,,Wastewater Treatment,,,
,,,Smart Water Grid and Asset Management,,,,
,,,,Digital Twins,,,
,,,,Sensors for water quality & quantity (incl leak detection),,,
,,,,Meter Data Management,,,
,,,,Water Meters,,,
,,,,,Conventional meters,,
,,,,,Smart - AMR & AMI,,
,,,,AI based solutions,,,
,,,,Cyber-security,,,
,,,Irrigation Water Management,,,,
,,,,Irrigation Pumps,,,
,,,,Micro irrigation,,,
,,,,Mechanical irrigation,,,
,,,,Smart Irrigation,,,
,,,Residential & Comm Water Solutions,,,,
,,,,Drinking Water,,,
,,,,Wastewater Treatment,,,
,,,,Swimming Pool Water Treatment,,,
,,Waste Management,,,,,
,,,"Waste Collection, Transportation & Disposal/Management Services",,,,
,,,,Waste Collection Bins,,,
,,,,Waste Transportation,,,
,,,,Municipal Waste,,,
,,,,Commercial Waste,,,
,,,,Plastic Waste,,,
,,,,Waste Electrical & Electronic Equipment (WEEE),,,
,,,,EV Battery,,,
,,,,Construction & Demolition Waste,,,
,,,,Hazardous Waste,,,
,,,,Medical Waste,,,
,,,,Nuclear Waste,,,
,,,"Waste Sorting, Recycling, Treatment Systems and Disposal Services",,,,
,,,,Biogas,,,
,,,,Waste to Energy,,,
,,,,Incinerators,,,
,,,,Sorting/Recycling Equipment,,,
,,,,Materials Recovery Facilities,,,
,,,,Composting,,,
,,,,Landfill,,,
,,,Smart Waste Management Market,,,,
,,,,Smart Bins (incl reverse vending machines),,,
,,,,Smart fleet management & logistic management solutions,,,
,,,,Smart Waste Sorting and Recycling Systems,,,
,,,,"ERP, Software services,  Cloud Services and Customer platforms",,,
,,Air Quality and Emission Management,,,,,
,,,City,,,,
,,,,Air Quality Monitoring,,,
,,,,Real time GHG Emission Monitoring Solutions & Services,,,
,,,Residential & Comm IAQ,,,,
,,,,IAQ Sensors,,,
,,,,IAQ Purifiers,,,
,,,,Humidifiers/De-humidifiers,,,
,,,,Software and Platform services,,,
,,,Industrial Emission Control & Management,,,,
,,,,Solid separation,,,
,,,,Absorption,,,
,,,,Oxidation,,,
,,,,Nox Control,,,
,,,,Smart control and monitoring,,,
,,Environmental Management,,,,,
,,,Soil & Ground Water Remediation,,,,
,,,Brownfields,,,,
,,,Environmental Safety,,,,
,Homes & Buildings,,,,,,
,,Building Management System,,,,,
,,,Building Automation System,,,,
,,,,"Controllers, Switches, Sensor Devices, etc.",,,
,,,,"Software, Management, Virtual BAS",,,
,,,,System Integration,,,
,,,Building Energy Management System,,,,
,,,,"Controllers, Switches, Sensor Devices, etc.",,,
,,,,"Software, Management, Virtual BEMS",,,
,,,,System Integration,,,
,,,Emergency and Security Automation System,,,,
,,,,"Controllers, Switches, Sensor Devices, etc.",,,
,,,,"Software, Management, Virtual ESAS",,,
,,,,System Integration,,,
,,,Digital Management,,,,
,,,,Digital Twin,,,
,,,,BIM,,,
,,,,Advanced Construction Technologies,,,
,,Lighting,,,,,
,,,General Illumination,,,,
,,,,LED Lights,,,
,,,,General Lamps / Bulbs,,,
,,,Lighting Management,,,,
,,,,Lighting Controls,,,
,,,,Li-Fi,,,
,,,,Smart Lighting,,,
,,,Emergency Lighting,,,,
,,,,Controller and Management System,,,
,,,,Lighting - LED / Other Lamps,,,
,,HVAC,,,,,
,,,Heating Sytem,,,,
,,,,Heating Equipment,,,
,,,,Heat Pumps,,,
,,,,Controller and Management System,,,
,,,Ventilation System,,,,
,,,,Ventilation Equipment,,,
,,,,Controller and Management System,,,
,,,Air Conditioning,,,,
,,,,AC Equipment,,,
,,,,Heat Pumps,,,
,,,,Controller and Management System,,,
,,,Indoor Air Quality,,,,
,,,,Air Purifiers and Humidifiers,,,
,,,,Sensors,,,
,,,,Filtration Media,,,
,,,,Maintenance,,,
,,,Supporting Systems,,,,
,,,,District Heating and Cooling,,,
,,,,Refrigeration System,,,
,,,,Thermostats,,,
,,,,Water Heaters,,,
,,Building Mobility Solutions,,,,,
,,,Lift (Elevator) and Escalator,,,,
,,,,Lift (Elevator),,,
,,,,Escalator,,,
,,,,Destination Control & Management,,,
,,,Crowd Analytics,,,,
,,,,Biometric Recognition,,,
,,,,People Counting and Tracking System,,,
,,,Smart Parking,,,,
,,,,Parking Equipment,,,
,,,,Management System,,,
,,Safety,,,,,
,,,Fire Detection and Protection,,,,
,,,,Detectors,,,
,,,,Alarms,,,
,,,,Suppression,,,
,,,,Maintenance,,,
,,,Low Voltage Switchgear,,,,
,,,,Components,,,
,,,,"Assembly, Panels, Installation, Maintenance",,,
,,,Cable Management System,,,,
,,,,Trays,,,
,,,,Conduits,,,
,,,,Raceway,,,
,,,,"Ancilary Devices (Box, Panels, etc)",,,
,,Facility Management,,,,,
,,,Soft Services,,,,
,,,,Cleaning / Janitorial,,,
,,,,Security (Manned),,,
,,,,Other Support Services,,,
,,,,IFM,,,
,,,Hard Services,,,,
,,,,M&E Services,,,
,,,,Sanitary and Plumbing,,,
,,,,IoT-enabled Maintenance,,,
,,,,Other O&M Services,,,
,,,,IFM,,,
,,,Additional Services,,,,
,,,,Property Management,,,
,,,,Energy Management,,,
,,,,Environmental Management,,,
,,,,IT Services,,,
,,,,IFM,,,
,,,Work Management,,,,
,,,,Workplace and Workspace Management,,,
,,,,Flexible Office and Co-working Space,,,
,,Energy Efficiency,,,,,
,,,Energy Management,,,,
,,,,ESCO (Energy as a Service),,,
,,,,Energy Savings and Performance,,,
,,,Distributed Generation in Buildings,,,,
,,,,Energy Harvesting,,,
,,,,Micro-renewable,,,
,,Supply Chain Innovation,,,,,
,,,Distrbution Channels,,,,
,,,,Marketplace,,,
,,,,Ecommerce,,,
,,,Business Models,,,,
,,,,XaaS,,,
,,,,Offsite Construction,,,
,,,,Circular Construction,,,
,,,,Multi-Sided Platforms,,,
,,,Alternative Building Construction,,,,
,,,,Prefabrication,,,
,,,,3D Printing,,,
,,,,Green Building Technology,,,
,,Connected Homes,,,,,
,,,Home Energy Management,,,,
,,,,Devices and Sensors,,,
,,,,Software and Management,,,
,,,Home Automation & Control,,,,
,,,,Devices and Sensors,,,
,,,,Software and Management,,,
,,,"Home Safety & Security
",,,,
,,,,Devices and Sensors,,,
,,,,Software and Management,,,
,,,"Home Entertainment / Appliances
",,,,
,,,,Smart and Connected Equipment,,,
,,,,Software and Management,,,
,,,"Health & Wellness
",,,,
,,,,Devices and Sensors,,,
,,,,Software and Management,,,
Supply Chain & Logistics,,,,,,,
,Last Mile Delivery,,,,,,
,,Autonomous Vehicles,,,,,
,,,Drones,,,,
,,,Land Based AVs,,,,
,,,,Biometric Authentication,,,
,,,,Sensors,,,
,,,,GPS,,,
,,Route Optimization Software,,,,,
,,,Mobile Devices,,,,
,,,,GPS,,,
,,,,Geocoding,,,
,Track and Trace,,,,,,
,,Warehouse Management Systems,,,,,
,,,,RFID,,,
,,,,GPS,,,
,,,,Data Loggers/Sensors,,,
,,,,Geofencing,,,
,,,,Blockchain,,,
,,,,Conectivity,,,
,,,,Digital Twins,,,
,,Containers,,,,,
,,,,Digital Twins,,,
,,,,RFID,,,
,,,,GPS,,,
,,,,Data Loggers/Sensors,,,
,,,,Geofencing,,,
,,,,Conectivity,,,
,,,,Blockchain,,,
,Inventory Management,,,,,,
,,Inventory Management Robots,,,,,
,,,AI/ML,,,,
,,,,Machine Vision,,,
,,,,RFID,,,
,,,,Edge Computing,,,
,,Sorting Robots,,,,,
,,,AI/ML,,,,
,,,,Machine Vision,,,
,,,,Edge Computing,,,
,Sustainability,,,,,,
,,Blockchain,,,,,
,,,,Data Loggers/Sensors,,,
,,,,Edge Computing,,,
Healthcare & Life Sciences,,,,,,,
,Clinical Diagnostics,,,,,,
,,Centralised Testing Instrumentation,,,,,
,,,Clinical Chem & Immunoassay,,,,
,,,,Instruments/Analysers,,,
,,,,,Urine Analyzers,,
,,,,,Clinical Chemistry Analyzers,,
,,,,,Immunoassay Analyzers,,
,,,,Reagents/Kits,,,
,,,,,Urine Analyzers Reagents/Kits,,
,,,,,Clinical Chemistry Reagents/Kits,,
,,,,,Immunoassay Reagents/Kits,,
,,,,Informatics,,,
,,,,,On-premise LIMS,,
,,,,,Web-based LIMS,,
,,,,,Thin-client LIMS,,
,,,,,Cloud-based LIMS,,
,,,,Professional Services,,,
,,,Hematology,,,,
,,,,Instruments/Analysers,,,
,,,,Reagents/Kits,,,
,,,,Informatics,,,
,,,,,On-premise LIMS,,
,,,,,Web-based LIMS,,
,,,,,Thin-client LIMS,,
,,,,,Cloud-based LIMS,,
,,,,Professional Services,,,
,,,Hemostasis,,,,
,,,,Instruments/Analysers,,,
,,,,Reagents/Kits,,,
,,,,Informatics,On-premise LIMS,,
,,,,,Web-based LIMS,,
,,,,,Thin-client LIMS,,
,,,,,Cloud-based LIMS,,
,,,,Professional Services,,,
,,,Flow Cytometry,,,,
,,,,Instruments/Analysers,,,
,,,,Reagents/Kits,,,
,,,,,Research use reagents,,
,,,,,Clinical use reagents,,
,,,,Informatics,,,
,,,,,On-premise LIMS,,
,,,,,Web-based LIMS,,
,,,,,Thin-client LIMS,,
,,,,,Cloud-based LIMS,,
,,,,Professional Services,,,
,,,Molecular Diagnostics,,,,
,,,,Instruments/Analysers,,,
,,,,,NGS Instruments,,
,,,,,PCR and Digital PCR Instruments,,
,,,,,Mass Spectrometry Instruments,,
,,,,,Flow Cytometry Instruments,,
,,,,,Microarray Instruments,,
,,,,Reagents/Kits,,,
,,,,,NGS Reagents/Kits,,
,,,,,PCR and Digital PCR Reagents/Kits,,
,,,,,Mass Spectrometry Reagents/Kits,,
,,,,,Flow Cytometry Reagents/Kits,,
,,,,,Microarray Reagents/Kits,,
,,,,Informatics,,,
,,,,,On-premise LIMS,,
,,,,,Web-based LIMS,,
,,,,,Thin-client LIMS,,
,,,,,Cloud-based LIMS,,
,,,,Professional Services,,,
,,Referral & Peripheral Testing,,,,,
,,,Tissues Diagnostics,,,,
,,,,Instruments,,,
,,,,,"Pre-analytical Staining Instruments (Tissue Processors, Microtomes, Cryostats etc)",,
,,,,,"Advanced Staining Equipments (IHC, H&C Slide Staining Systems, Slide Scanners)",,
,,,,Reagents/Kits,,,
,,,,Informatics,,,
,,,,,Local storage-based LIS,,
,,,,,Cloud-based LIS,,
,,,,Professional Services,,,
,,,Clinical Microbiology,,,,
,,,,Instruments/Analysers,,,
,,,,Reagents/Kits,,,
,,,,Informatics,,,
,,,,,On-premise LIMS,,
,,,,,Web-based LIMS,,
,,,,,Thin-client LIMS,,
,,,,,Cloud-based LIMS,,
,,,,Professional Services,,,
,,,Urine Analysis,,,,
,,,,Instruments/Analysers,,,
,,,,Reagents/Kits,,,
,,,,Informatics,,,
,,,,Professional Services,,,
,,Decentralised Testing,,,,,
,,,Cardiac Point of Care Testing,,,,
,,,,Devices,,,
,,,,Consumables/Reagents,,,
,,,,Apps,,,
,,,,Professional/Counselling Services,,,
,,,Diabetes Point of Care Testing,,,,
,,,,Devices,,,
,,,,,Blood Glucose,,
,,,,,HbA1C,,
,,,,Consumables/Reagents,,,
,,,,Apps,,,
,,,,Professional/Counselling Services,,,
,,,Fecal Occult Point of Care Testing,,,,
,,,,Devices,,,
,,,,Consumables/Reagents,,,
,,,,Apps,,,
,,,,Professional/Counselling Services,,,
,,,Urine Analysis Point of Care Testing,,,,
,,,,Devices,,,
,,,,Consumables/Reagents,,,
,,,,Apps,,,
,,,,Professional/Counselling Services,,,
,,,Pregnancy Point of Care Testing,,,,
,,,,Devices,,,
,,,,Consumables/Reagents,,,
,,,,Apps,,,
,,,,Professional/Counselling Services,,,
,,,Cholesterol Point of Care Testing,,,,
,,,,Devices,,,
,,,,Consumables/Reagents,,,
,,,,Apps,,,
,,,,Professional/Counselling Services,,,
,,,Coagulation Point of Care Testing,,,,
,,,,Devices,,,
,,,,Consumables/Reagents,,,
,,,,Apps,,,
,,,,Professional/Counselling Services,,,
,,,STDs-Point of Care Testing-,,,,
,,,,Devices,,,
,,,,Consumables/Reagents,,,
,,,,Apps,,,
,,,,Professional/Counselling Services,,,
,,,Drugs of Abuse-Point of Care Testing,,,,
,,,,Devices,,,
,,,,Consumables/Reagents,,,
,,,,Apps,,,
,,,,Professional/Counselling Services,,,
,Medical Imaging & Informatics,,,,,,
,,Medical Imaging (Radiology) Equipment* for Human Use onlyConsumables & Services *Includes Workstations,,,,,
,,,Ultrasound Equipment,,,,
,,,,Medical Device,,,
,,,,,Ultra-portable/    Hand-carried System,,
,,,,,Portable/Laptop System,,
,,,,,Cart-based System,,
,,,,Consumables (Media/Paper/Films),,,
,,,,Professional Services,,,
,,,Computed Tomography,,,,
,,,,Medical Device,,,
,,,,,Low-end – Below 16 slice,,
,,,,,Value end – 16slice to 40 slice,,
,,,,,"Mid end – 64,80 and 128 slice",,
,,,,,"High end – 256, 320, dual source and spectral",,
,,,,Consumables (Media/Paper/Films),,,
,,,,Professional Services,,,
,,,Magnetic Resonance Imaging (MRI),,,,
,,,,Medical Device,,,
,,,,,Open MRI – upto 1T (Low-end),,
,,,,,Value end – 1.25T and 1.5 T,,
,,,,,Super conductive – 1.5 T (Mid-end),,
,,,,,Super conductive – 3T (High-end),,
,,,,,Super conductive – 7T (Premium end,,
,,,,Consumables (Media/Paper/Films),,,
,,,,Professional Services,,,
,,,X-Ray Radiography,,,,
,,,,Medical Device,,,
,,,,,Retrofit DR,,
,,,,,Mobile DR,,
,,,,,Full-fledged DR (FFDR)/Turnkey Suites,,
,,,,Consumables (Media/Paper/Films),,,
,,,,Professional Services,,,
,,,Interventional X-Ray,,,,
,,,,Medical Device,,,
,,,,,"Fixed Systems – Single, Bi-plane",,
,,,,,C-arm,,
,,,,Consumables (Media/Paper/Films),,,
,,,,Professional Services,,,
,,,Mammography,,,,
,,,,Medical Device,,,
,,,,,Analog Mammography,,
,,,,,Digital Mammography,,
,,,,,3D Mammography,,
,,,,Consumables (Media/Paper/Films),,,
,,,,Professional Services,,,
,,,Molecular Imaging,,,,
,,,,Medical Device,,,
,,,,,"PET/CT
SPECT",,
,,,,,SPECT/CT,,
,,,,,PET/MRI,,
,,,,Consumables (Media/Paper/Films),,,
,,,,Professional Services,,,
,,Medical Imaging (Radiology) Informatics**Includes Enterprise Software & Services,,,,,
,,,Radiology IT Solutions,,,,
,,,,Radiology PACS and Integrated RIS-PACS,,,
,,,,PACS Add-on Software and Hardware Modules,,,
,,,,Radiology Information Systems,,,
,,,,EMR-integrated Modules,,,
,,,,"IT Infrastructure, Integration, and Middleware Solutions",,,
,,,Ancillary IT Solutions,,,,
,,,,Speech Recognition and Reporting Solutions,,,
,,,,Advanced  Visualization and Clinical Applications,,,
,,,,Image-based Analytics Applications (excl. Mammo CAD),,,
,,,,Radiation Dose Management Solutions,,,
,,,,Quality Assurance and Peer Review Solutions,,,
,,,Other Departmental IT Solutions,,,,
,,,,Cardiovascular Image and Information Management Solutions,,,
,,,,Breast Imaging Informatics Applications (incl. Mammo CAD),,,
,,,,Molecular Imaging Informatics Solutions – PET/SPECT Informatics,,,
,,,,Visible Light and Operating Room Imaging  Informatics Solutions,,,
,,,,"Other Departmental Imaging Informatics Solutions Incl. Oncology, Orthopedics, and other-ologies",,,
,,,Enterprise Imaging IT Solutions,,,,
,,,,Imaging Clinical Decision Support Solutions,,,
,,,,Imaging Business Analytics Solutions,,,
,,,,Enterprise Image Exchange Solutions,,,
,,,,Enterprise Workflow Orchestration Solutions,,,
,,,,Enterprise Image Viewing and Mobile Imaging Solutions,,,
,,,,Vendor-neutral and Enterprise PACS Archives,,,
,,,,Image- and Cloud-enabled Healthcare Content Management Solutions,,,
,Advanced Medtech,,,,,,
,,"Medical Devices, Consumables & Services",,,,,
,,,Patient Monitoring,,,,
,,,,Cardiac Monitoring,,,
,,,,,Equipment,,
,,,,,Consumables,,
,,,,,Informatics,,
,,,,,Services,,
,,,,Hemodynamic Monitoring,,,
,,,,,Equipment,,
,,,,,Consumables,,
,,,,,Informatics,,
,,,,,Services,,
,,,,Respiratory Monitoring,,,
,,,,,Equipment,,
,,,,,Consumables,,
,,,,,Informatics,,
,,,,,Services,,
,,,,Multiparameter Monitoring,,,
,,,,,Equipment,,
,,,,,Consumables,,
,,,,,Informatics,,
,,,,,Services,,
,,,,Fetal and Neonatal Monitoring,,,
,,,,,Equipment,,
,,,,,Consumables,,
,,,,,Informatics,,
,,,,,Services,,
,,,Orthopedics,,,,
,,,,Implants,,,
,,,,,Implants,,
,,,,,Informatics,,
,,,,,Services,,
,,,,Trauma Fixation,,,
,,,,,Equipment,,
,,,,,Informatics,,
,,,,,Services,,
,,,,Spine,,,
,,,,,Equipment,,
,,,,,Informatics,,
,,,,,Services,,
,,,,Orthobiologics,,,
,,,,,Equipment,,
,,,,,Consumables,,
,,,,,Informatics,,
,,,,,Services,,
,,,Cardiology,,,,
,,,,Percutaneous Coronary Interventions,,,
,,,,,Stents,,
,,,,,Consumables,,
,,,,,Informatics,,
,,,,,Services,,
,,,,Cardiac Rhythm Management,,,
,,,,,Equipment,,
,,,,,Consumables,,
,,,,,Informatics,,
,,,,,Services,,
,,,,Structural Heart,,,
,,,,,Equipment,,
,,,,,Consumables,,
,,,,,Informatics,,
,,,,,Services,,
,,,,Therapeutic and Surgical Devices,,,
,,,,,Equipment,,
,,,,,Consumables,,
,,,,,Informatics,,
,,,,,Services,,
,,,Respiratory,,,,
,,,,Ventilators,,,
,,,,,Equipment,,
,,,,,Consumables,,
,,,,,Informatics,,
,,,,,Services,,
,,,,Asthma Devices,,,
,,,,,Equipment,,
,,,,,Consumables,,
,,,,,Informatics,,
,,,,,Services,,
,,,,Sleep Apnea Devices,,,
,,,,,Equipment,,
,,,,,Consumables,,
,,,,,Informatics,,
,,,,,Services,,
,,,,Airway Management Devices,,,
,,,,,Equipment,,
,,,,,Consumables,,
,,,,,Informatics,,
,,,,,Services,,
,,,,Respiratory Diagnostic Devices,,,
,,,,,Equipment,,
,,,,,Consumables,,
,,,,,Informatics,,
,,,,,Services,,
,,,Minimally Invasive Surgery,,,,
,,,,Laparascopy,,,
,,,,,Equipment,,
,,,,,Consumables,,
,,,,,Services,,
,,,,Endoscopy,,,
,,,,,Equipment,,
,,,,,Consumables,,
,,,,,Informatics,,
,,,,,Services,,
,,,,Robotic Surgery,,,
,,,,,Equipment,,
,,,,,Consumables,,
,,,,,Informatics,,
,,,,,Services,,
,,,,Surgical Navigation,,,
,,,,,Equipment,,
,,,,,Consumables,,
,,,,,Informatics,,
,,,,,Services,,
,,,Neurology,,,,
,,,,Neurology Intervention Devices & Tools,,,
,,,,,Equipment,,
,,,,,Consumables,,
,,,,,Informatics,,
,,,,,Services,,
,,,,Deep Brain Stimulation,,,
,,,,,Equipment,,
,,,,,Consumables,,
,,,,,Informatics,,
,,,,,Services,,
,,,Urology-Gynecology,,,,
,,,,Urinary Incontinence,,,
,,,,,Equipment,,
,,,,,Consumables,,
,,,,,Informatics,,
,,,,,Services,,
,,,,Lasers & lithotripsy,,,
,,,,,Equipment,,
,,,,,Consumables,,
,,,,,Informatics,,
,,,,,Services,,
,,,Ophthalmology,,,,
,,,,Ophthalmology Diagnostic Devices,,,
,,,,,Equipment,,
,,,,,Consumables,,
,,,,,Informatics,,
,,,,,Services,,
,,,,Ophthalmology Surgical Devices,,,
,,,,,Equipment,,
,,,,,Consumables,,
,,,,,Informatics,,
,,,,,Services,,
,,,,"Vision Care (lenses, etc.)",,,
,,,,,Equipment,,
,,,,,Consumables,,
,,,,,Informatics,,
,,,,,Services,,
,,,Audiology,,,,
,,,,Cochlear Implants,,,
,,,,,Equipment,,
,,,,,Consumables,,
,,,,,Informatics,,
,,,,,Services,,
,,,,Hearing Aids,,,
,,,,,Equipment,,
,,,,,Consumables,,
,,,,,Informatics,,
,,,,,Services,,
,,,,Diagnostic Devices,,,
,,,,,Equipment,,
,,,,,Consumables,,
,,,,,Informatics,,
,,,,,Services,,
,,,Dentistry,,,,
,,,,Dental Implants,,,
,,,,,Equipment,,
,,,,,Consumables,,
,,,,,Informatics,,
,,,,,Services,,
,,,,Dental Devices & Tools,,,
,,,,,Equipment,,
,,,,,Consumables,,
,,,,,Informatics,,
,,,,,Services,,
,,,Aesthetics,,,,
,,,,Cosmetic Procedure Surgery Devices,,,
,,,,,Equipment,,
,,,,,Consumables,,
,,,,,Informatics,,
,,,,,Services,,
,,,Other Hospital Functions,,,,
,,,,Sterilization,,,
,,,,,Equipment,,
,,,,,Consumables,,
,,,,,Informatics,,
,,,,,Services,,
,,,,Patient Safety,,,
,,,,,Equipment,,
,,,,,Consumables,,
,,,,,Informatics,,
,,,,,Services,,
,,,,Infection Control,,,
,,,,,Equipment,,
,,,,,Consumables,,
,,,,,Informatics,,
,,,,,Services,,
,,Hospital Enterprise Software Solutions,,,,,
,,,Hospitals & Health Systems,,,,
,,,,Digital Operating Room,,,
,,,,,Informatics,,
,,,,,Services,,
,,,,Virtual Critical Care (eICU),,,
,,,,,Informatics,,
,,,,,Services,,
,,,,Smart Hospitals,,,
,,,,,Informatics,,
,,,,,Services,,
,,,,Automation / Efficiency Solutions,,,
,,,,,Informatics,,
,,,,,Services,,
,,Outpatient Migration,,,,,
,,,Home Health Solutions,,,,
,,,,Chronic Disease Management,,,
,,,,,Equipment,,
,,,,,Consumables,,
,,,,,Informatics,,
,,,,,Services,,
,,,,Hospital at Home,,,
,,,,,Equipment,,
,,,,,Consumables,,
,,,,,Informatics,,
,,,,,Services,,
,,,,Home Health Devices / Remote Monitoring,,,
,,,,,Equipment,,
,,,,,Consumables,,
,,,,,Informatics,,
,,,,,Services,,
,Pharmaceuticals & Biotech,,,,,,
,,Small Molecule Drug Products,,,,,
,,,Oncology,,,,
,,,,Branded Formulations,,,
,,,,Generics,,,
,,,Central nervous system,,,,
,,,,Branded Formulations,,,
,,,,Generics,,,
,,,Respiratory,,,,
,,,,Branded Formulations,,,
,,,,Generics,,,
,,,Cardiovascular,,,,
,,,,Branded Formulations,,,
,,,,Generics,,,
,,,Diabetes,,,,
,,,,Branded Formulations,,,
,,,,Generics,,,
,,Large Molecules Drug Products,,,,,
,,,Cell and Gene Therapy,,,,
,,,,Cell Therapy,,,
,,,,Gene Therapy,,,
,,,,DNA and RNA Therapeutics,,,
,,,Monoclonal Antibody,,,,
,,,,Innovators,,,
,,,,Biosimilars,,,
,,,Vaccines,,,,
,,,,Technology Type,,,
,,,,,Live Attenuated Vaccines,,
,,,,,Inactivated Vaccines,,
,,,,,Virus-like Protein (VLP),,
,,,,,Recombinant Vaccine,,
,,,,,"Toxoid, Subunit & Conjugate",,
,,,,,Combination Vaccines,,
,,,,Production System,,,
,,,,,Fermentation,,
,,,,,Cell Culture,,
,,,,,Egg-based,,
,,,,,Combination,,
,,,Protiens and Peptides,,,,
,,,,Innovators,,,
,,,,Biosimilars,,,
,,Contract Development & Manufacturing (CDMO) Services,,,,,
,,,Small-molecule CDMO,,,,
,,,,Active Pharmaceutical Ingredient,,,
,,,,,Innovator,,
,,,,,Generics,,
,,,,Finished Dosage Form,,,
,,,,,Oral,,
,,,,,Injectables,,
,,,,,Liquid/semisolid,,
,,,Large-molecule CDMO,,,,
,,,,Drug Substance,,,
,,,,Drug Product,,,
,,,,By Cell Type,,,
,,,,,Mammalian,,
,,,,,Microbial,,
,,,,,Viral vector,,
,,Contract Research Organizations (CRO),,,,,
,,,Non-clinical,,,,
,,,,Discovery,,,
,,,,Pre-clinical,,,
,,,Clinical,,,,
,,,,Phase 0,,,
,,,,Phase 1,,,
,,,,Phase 2,,,
,,,,Phase 3/4,,,
,,,,Bio analytical Testing Services,,,
,,IT Enabled Drug Development Solutions/Services,,,,,
,,,Clinical Trial IT Solutions,,,,
,,,,Remote Patient Recruitment and Monitoring,,,
,,,,Clinical Data Management and eSourcing,,,
,,,,Clinical Trial Operations Management,,,
,,,Real-world Evidence Solutions,,,,
,,,,Database and  Evidence Solutions,,,
,,,,Data Analytics & Outcomes Solutions,,,
,,,,"Enabling Technology Platforms (Cloud, Cybersecurity)",,,
,,,,Digital Data Collection Solutions,,,
,,,Artificial Intelligence enabled Solutions,,,,
,,,,Drug Discovery,,,
,,,,Clinical Trials,,,
,,,,Commercial & Operational,,,
,Digital Health,,,,,,
,,Healthcare IT,,,,,
,,,Provider IT Transformation,,,,
,,,,Electronic Medical Records /,,,
,,,,Electronic Health Records,,,
,,,,,Acute Care / In-Patient Hospitilization Software,,
,,,,,Ambulatory Care / Outpatient Care Software,,
,,,,,Physician Practices Software,,
,,,,,Professional Services,,
,,,,,Managed Services,,
,,,,Clinical Decision Support Systems,,,
,,,,,Decision Evidence / Protocols,,
,,,,,Decision Workflow,,
,,,,,Decision Analytics,,
,,,,,Decision Delivery,,
,,,,Clinical Documentation Improvement (CDI),,,
,,,,,Clinical Documentation / Record Management,,
,,,,,Hospital Information Management (HIM),,
,,,,,Case Management,,
,,,,,Quality Reporting / Monitoring,,
,,,,Revenue Cycle Management,,,
,,,,,In-Patient / Hospitals,,
,,,,,,Software Applications,
,,,,,,,Platform Solutions
,,,,,,,Point Solutions
,,,,,,Services,
,,,,,,,Consulting
,,,,,,,Outsourcing
,,,,,Physician Practices,,
,,,,,,Software Applications,
,,,,,,,Platform Solutions
,,,,,,,Point Solutions
,,,,,,Services,
,,,,,,,Consulting
,,,,,,,Outsourcing
,,,,Healthcare Cybersecurity,,,
,,,,,Infrastructure & Network Security,,
,,,,,Cloud Security,,
,,,,,IoT and Device Security,,
,,,,,Application Security,,
,,,Payor IT Enablement,,,,
,,,,Claims Pre-adjudication / Automation,,,
,,,,,Patient Billing / Financial Management,AI-Chatbot Automation / Payment Automation,
,,,,,Denial / Appeal Management,Application / Cloud SaaS Deployment,
,,,,,A/R Management,Professional Services,
,,,,Payor Data Analytics,,,
,,,,,Member Risk Management / Predictive Modelling,,
,,,,,Network Hospital Management,,
,,,,,Utlization Management,,
,,,,,Quality Improvement,,
,,,,,Risk-based Contracting / VBC,,
,,,,Payor Provider Data Interoperability / HIE,,,
,,,,,Enterprise Clinical Data Management,,
,,,,,Clinical Data Exchange (CDE),,
,,,,,Payor Claims + Provider Clinical Data Integration,,
,,,,,Healthcare APIs / Unified Patient Data Lakes,,
,,Telehealth / Virtual Visits,,,,,
,,,Remote Patient Monitoring,,,,
,,,,Patient Enagagement,,,
,,,,,Remote Monitors,,
,,,,,,Medical-Grade,
,,,,,,Consumer-Grade,
,,,,,Data Management,,
,,,,,Platforms,,
,,,,,Services,,
,,,Virtual Care,,,,
,,,,Telemedicine,,,
,,,,,Telestroke and e-ICU Solutions,,
,,,,,Telehealth Koisks,,
,,,,,Teleradiology,,
,,,,,Remote Specialists Services,,
,,,,Telehealth,,,
,,,,,mHealth,,
,,,,,Personal Emergency Response Systems (PERS),,
,,,,,Patient Portals,,
,,,,,Health Education,,
,,,,Clinical and Operational Processes,,,
,,,,,Clinical Process,,
,,,,,,Clinical Notes,
,,,,,,Clinical Survelliance,
,,,,,,EMR Inputs,
,,,,,,Order Items / Sets,
,,,,,Operational Process,,
,,,,,,Scheduling,
,,,,,,Messaging,
,,,,,,Billing,
,,,Social Determinants (SDoH),,,,
,,,,Enabling Capability,,,
,,,,,Healthcare Data Analytics,,
,,,,,Pure Play SDoH Software and Services,,
,,,,,"Others (Telehealth, Care Management, ICT, SaaS, PHM, etc.)",,
,,,Population Health Management,,,,
,,,,Data & Analysis,,,
,,,,,Data Aggregation & Management,,
,,,,,Risk Stratification & Modelling,,
,,,,Care Management,,,
,,,,,Care Coordination,,
,,,,,Patient Engagement,,
,,,,Performance Management,,,
,,,,,Clinical Performance Management,,
,,,,,Financial Performance Management,,
,,,,Performance Management,,,
,,,,,Clinical Advisory,,
,,,,,Financial Advisory,,
,,,Care Coordination,,,,
,,,,Health Plans (Payor),,,
,,,,,"Commercial Health Plans (Anthem, UHG, etc.)",,
,,,,,CMS (Medicare & Medicaid),,
,,,,,Medicare Advantage (MA),,
,,,,Health Systems / IDNs,,,
,,,,,Accountable Care Organizations (ACOs),,
,,,,,Non Accountable Care Organizations (Non-ACOs),,
,,,,Physicians,,,
,,,,,Primary Care Physicians (PCP),,
,,,,,Speciality Physicians,,
,,Healthcare Infrastructure / Digtial Platforms,,,,,
,,,Healthcare Cloud,,,,
,,,,Services Market,,,
,,,,,Software-as-a Service (SaaS),,
,,,,,Infrastructure-as-a Service (PaaS),,
,,,,,Platform-as-a Service (PaaS),,
,,,,Deployment,,,
,,,,,Public Cloud,,
,,,,,Private Cloud,,
,,,,,Hybrid Cloud,,
,,,,,Community Cloud,,
,,,5G Healthcare,,,,
,,,,Enabling Capability,,,
,,,,,Mobile Devices and Wearables,,
,,,,,Wireless Telecom Carriers,,
,,,,,Data Application and Analytics,,
,,,,End Application,,,
,,,,,"Providers, Payors, and Pharmaceuticals",,
,,,,,"Emergency Services, Telehealth, Telemedicine, and Virtual Care",,
,,,Digital Health Platforms,,,,
,,,,Virtual Care Management,,,
,,,,,Primary Care Telemedicine,,
,,,,,Chronic Care Management,,
,,,,Healthcare Workflow Platform,,,
,,,,,Care Coordination Platform,,
,,,,,Provider / Payor Connectivity,,
,,,,Tech Infrastructure,,,
,,,,,Amazon Care,,
,,,,,Microsoft Healthcare APIs,,
,,,,,Google Apigee APIx for Healthcare,,
,,,,,Optum Rx,,
,,,Virtual Reality / Augmented Reality,,,,
,,,,Digital Twin,,,
,,,,,IoT Sensors,,
,,,,,Cloud,,
,,,,,AI,,
,,,,,Data Analytics,,
,,,,,Extended Reality,,
,,,,,EMR and other data sources,,